PF001,AFRIDEV FINISHING TOOL,10,4000,PC,0,E1,PIPESAND FITTINGS\
PF002,AFRIDEV SANCTION PIPES W1ES,4,0,PC,0,E6,PIPESAND FITTINGS\
PF003,AIR VALVE RUBBER BALL,5,20,PC,0,A4,PIPESAND FITTINGS\
PF004,ALL FLENGED TEE 100MM X 100MM,2,6500,PC,0,D2,PIPESAND FITTINGS\
PF005,ALL FLENGED TEE 100MM X 80MM,0,6500,PC,0,D3,PIPESAND FITTINGS\
PF006,ALL FLENGED TEE DN 160MM X 160MM,1,12000,PC,0,D2,PIPESAND FITTINGS\
PF007,ALL FLENGED TEE 110MM,1,8000,PC,0,D3,PIPESAND FITTINGS\
PF008,ALL FLENGED TEE 50MM X 50MM,2,4500,PC,0,D3,PIPESAND FITTINGS\
PF009,AL LFLENGED TEE 63MM X 63MM,1,4500,PC,0,D3,PIPESAND FITTINGS\
PF0010,AL LFLENGED TEE 200MM X 200MM,1,19000,PC,0,D2,PIPESAND FITTINGS\
PF0011,ALLUMINIUM PIPE 2 1/2,1,0,PC,0,M.DOOR,PIPESAND FITTINGS\
PF0012,ALLUMINIUM STRAPS,70,0,PC,0,L5,PIPESAND FITTINGS\
PF0013,ANCHOR BOLTS SIZE 19,19,0,PC,0,E5,PIPESAND FITTINGS\
PF0014,BEARING BUSHES 545 - 51 MOTOR PUMP,6,0,PC,0,BOX M,PIPESAND FITTINGS\
PF0015,BEARING CARRIER 382 - 51 MOTOR PUMP,3,0,PC,0,BOX M,PIPESAND FITTINGS\
PF0016,BEARING CARRIER 382 - 52 MOTOR PUMP,3,0,PC,0,BOX M,PIPESAND FITTINGS\
PF0017A,BALL COCK 2,0,650,PC,0,,PIPESAND FITTINGS\
PF0017B,BALL VALVE 2",3,150,PC,0,E3,PIPESAND FITTINGS\
PF0017C,BALL VALVE PEGLER TAP 3/4,0,0,PC,0,B3,PIPESAND FITTINGS\
PF0017C,BALL VALVE 1/2 PVC,0,174,PC,0,B3,PIPESAND FITTINGS\
PF0018,BALL VALVE  L - 106071,5,0,PC,0,BOX M,PIPESAND FITTINGS\
PF0019,BALL VALVE PLASTIC 4 1/2,1,15,PC,0,E3,PIPESAND FITTINGS\
PF0020,BEND G.I 1/2 ",58,70,PC,9,B5,PIPESAND FITTINGS\
PF0021,BEND G.I 3/4 ",20,93,PC,9,B4,PIPESAND FITTINGS\
PF0022,BEND G.I 1",17,139,PC,9,B5,PIPESAND FITTINGS\
PF0023A,BEND G.I 1 1/4",1,110,PC,0,B5,PIPESAND FITTINGS\
PF0023B,BEND 1 1/2,0,400,PC,0,B5,PIPESAND FITTINGS\
PF0024,BEND 2" GI,0,345,PC,9,B5,PIPESAND FITTINGS\
PF0025,BEND PVC 1/2 ",2,12,PC,0,C4,PIPESAND FITTINGS\
PF0026A,BEND UPVC 1 1/2 ",1,60,PC,0,C4,PIPESAND FITTINGS\
PF0026B,BEND UPVC 2 ",5,348,PC,0,,PIPESAND FITTINGS\
PF0027,BLANK FLENGE DN.50,6,1000,PC,2,D2,PIPESAND FITTINGS\
PF0028,BLANK FLENGE 63MM THREADED 2 NIPPLE,1,1500,PC,1,H5,PIPESAND FITTINGS\
PF0029,BLANK FLENGE DN. 63MM  - TAPPED 3/4,1,1500,PC,0,H5,PIPESAND FITTINGS\
PF0030,BLANK FLENGE 90MM TAPPED 3/4,0,0,PC,0,H4,PIPESAND FITTINGS\
PF0031,BLANK FLENGE 90MM  DOUBLE TAPPED 3/4,2,1500,PC,1,H4,PIPESAND FITTINGS\
PF0032,BLANK FLENGE DN. 110MM  DOUBLE TAPPED 3/4,1,1500,PC,1,H4,PIPESAND FITTINGS\
PF0033,BLANK FLENGE 110MM,1,1500,PC,1,H4,PIPESAND FITTINGS\
PF0034,BLANK FLENGE 160MM,1,2000,PC,1,K4,PIPESAND FITTINGS\
PF0035,BLANK FLENGE 225MM,3,2500,PC,1,K4,PIPESAND FITTINGS\
PF0036,BLANK FLENGE DN.300MM  DOUBLE TAPPED,2,2500,PC,1,K4,PIPESAND FITTINGS\
PF0037,BLIND PLATE 63MM,10,0,PC,0,H5,PIPESAND FITTINGS\
PF0038,BLIND PLATE 90MM,10,0,PC,0,H5,PIPESAND FITTINGS\
PF0039,BLIND PLATE 110MM,3,0,PC,0,H5,PIPESAND FITTINGS\
PF0040,BLIND PLATE 160MM,3,0,PC,0,H5,PIPESAND FITTINGS\
PF0041,BLIND PLATE 200/210MM,0,0,PC,0,H5,PIPESAND FITTINGS\
PF0042,BLIND PLATE 315MM,3,0,PC,0,H5,PIPESAND FITTINGS\
PF0043,BOSS STAINLESS STEEL,1,12000,PC,1,F1,PIPESAND FITTINGS\
PF0044A,BOSS WHITE 400GMS,2,120,PC,6,DR19,PIPESAND FITTINGS\
PF0044B,BOTTLE TRAP 1 1/4 WASTE,2,350,PC,0,,PIPESAND FITTINGS\
PF0045,BRASS BALL VALVE 1",2,75,PC,0,E3,PIPESAND FITTINGS\
PF0046,BRASS UNION 1/2  WATER METER ,0,0,PC,0,B2,PIPESAND FITTINGS\
PF0047,BREATHER CAPS PVC,7,50,PC,0,E3,PIPESAND FITTINGS\
PF0048A,BREATHER 2,0,120,PC,0,B3,PIPESAND FITTINGS\
PF0048B,BRACKET STEEL,3,200,PC,0,,PIPESAND FITTINGS\
PF0049,CAP ACCESS PVC,6,120,PC,0,C5,PIPESAND FITTINGS\
PF0050,CAP  PVC  FEMALE  140MM,7,920,PC,0,C6,PIPESAND FITTINGS\
PF0051,CASSING PIPE PE 100MM X 3M  BLUE,4,0,PC,0,PYII,PIPESAND FITTINGS\
PF0052,CASSING PIPE PE 100MM X 3M  BLACK,4,0,PC,0,PYII,PIPESAND FITTINGS\
PF0053,CASSING PIPE 75MM X 300MM,1,0,PC,0,L5,PIPESAND FITTINGS\
PF0054,CHLORINE POWDER 65PERCENT,112.5,309.33,KG,180,CHL/STORE,PIPESAND FITTINGS\
PF0055,CLEAR RENFORCED HOSE PIPE 1/2,0,90,MTR,0,E7,PIPESAND FITTINGS\
PF0056A,CLEAR RENFORCED HOSE PIPE 3/4,0,34.8,FEETS,50,E7,PIPESAND FITTINGS\
PF0056B,COLOURED RENFORCED HOSE PIPE 3/4,79,26.45,FEETS,0,,PIPESAND FITTINGS\
PF0057,CLAMP GI 20MM,2,35,PC,0,B3,PIPESAND FITTINGS\
PF0058,GLIP G.I 1",2,100,PC,0,B3,PIPESAND FITTINGS\
PF0059A,CONDUCTOR METER HOUSING,0,0,PC,0,E5,PIPESAND FITTINGS\
PF0059B,COMPARATOR TEST TUBE,2,3600,PC,0,,PIPESAND FITTINGS\
PF0060,COMPLETE COUPLING G.I 4",1,702,PC,0,E5,PIPESAND FITTINGS\
PF0061,COUPLING C/W 2 3/8,4,200,PC,0,E5,PIPESAND FITTINGS\
PF0062,COUPLING L - 37003  MOTOR Pump,3,0,PC,0,BOX M,PIPESAND FITTINGS\
PF0063,COUPLING SWN W1/E10,6,0,PC,0,E6,PIPESAND FITTINGS\
PF0064A,COUPLING VJ 110MM,4,5220,PC,0,G4,PIPESAND FITTINGS\
PF0064B,COUPLING VJ DN. 200 225MM DI,3,11000,PC,0,G4,PIPESAND FITTINGS\
PF0065,COUPLING VJ D.I 315 - 326 MM,3,13340,PC,1,G5,PIPESAND FITTINGS\
PF0066,DEWATERING PUMP COUPLING W1/E11,5,0,PC,0,E6,PIPESAND FITTINGS\
PF0067,DUCTILE SOCKET ADAPTOR COUPLING D.I DN 100 X 100MM,8,6380,PC,2,G5,PIPESAND FITTINGS\
PF0068,DUCTILE SOCKET ADAPTOR COUPLING  DN 160 X 150MM,5,6380,PC,1,G5,PIPESAND FITTINGS\
PF0069A,DOUBLE FLENGE 100MM X 1M LONG,1,10200,PC,0,D5,PIPESAND FITTINGS\
PF0069B,DOUBLE FLENGE 100MM X 4.73M,0,0,PC,0,,PIPESAND FITTINGS\
PF0070,DOUBLE FLENGE BEND DN. 90MM BLUE,5,2500,PC,0,G4,PIPESAND FITTINGS\
PF0071,DOUBLE FLENGE PIPE DN. 150MM X 3M,2,22040,PC,0,Y/STORE,PIPESAND FITTINGS\
PF0072,DOUBLE FLENGE PIPE DN. 300MM X 0.3M,2,25000,PC,0,K5,PIPESAND FITTINGS\
PF0073,DOUBLE FLENGE PIPE  300MM X 3M,1,30000,PC,0,Y/STORE,PIPESAND FITTINGS\
PF0074,DOUBLE FLENGE PIPE  - NOTCHED BLUE,4,0,PC,0,PYI,PIPESAND FITTINGS\
PF0075,DOUBLE FLENGED REDUCERS DN. 100MM X 80MM,2,2500,PC,0,K4,PIPESAND FITTINGS\
PF0076,DOUBLE FLENGED REDUCERS DN. 150MM X 100MM,3,8000,PC,0,K4,PIPESAND FITTINGS\
PF0077,DOUBLE FLENGED REDUCERS  225MM X 150MM,2,12000,PC,0,K5,PIPESAND FITTINGS\
PF0078,DOUBLE FLENGED WATER METER DN.80MM,0,0,PC,0,E4,PIPESAND FITTINGS\
PF0079,D - SHACKLE G.I 1/4,11,60,PC,0,B3,PIPESAND FITTINGS\
PF0080,D - SHACKLE G.I 1 1/2,4,120,PC,0,B3,PIPESAND FITTINGS\
PF0082,DOUBLE SOCKET UPVC 63MM X63MM,0,0,PC,0,E6,PIPESAND FITTINGS\
PF0083A,DPD TABLET,2500,30,PC,10,DR9,PIPESAND FITTINGS\
PF0083B,DPD PH TABLET,450,0,PC,0,DR9,PIPESAND FITTINGS\
PF0083C,DPD PH /CL POOLTESTER KIT,1,0,PC,0,DR9,PIPESAND FITTINGS\
PF0084,DOZZING NOZZLES - STAINLESS STEEL,3,1900,PC,0,F1,PIPESAND FITTINGS\
PF0085,ELBOW G.I 1/2,19,29,PC,9,B3,PIPESAND FITTINGS\
PF0086,ELBOW G.I 3/4,14,41,PC,9,D3,PIPESAND FITTINGS\
PF0087,ELBOW G.I 1",12,58,PC,9,B3,PIPESAND FITTINGS\
PF0088,ELBOW G.I  1 1/4,10,75,PC,0,B3,PIPESAND FITTINGS\
PF0089,ELBOW G.I 1 1/2,4,100,PC,0,B3,PIPESAND FITTINGS\
PF0090,ELBOW G.I 2,7,160,PC,0,B3,PIPESAND FITTINGS\
PF0091,ELBOW G.I 3,5,725,PC,0,B3,PIPESAND FITTINGS\
PF0092,ELBOW UPVC 1/2,4,12,PC,9,C5,PIPESAND FITTINGS\
PF0093,ELBOW UPVC 3/4,11,40,PC,3,C5,PIPESAND FITTINGS\
PF0094A,ELBOW UPVC 1,3,46.4,PC,4,C5,PIPESAND FITTINGS\
PF0094B,ELBOW UPVC 1 1/4  WASTE,1,50,PC,0,C5,PIPESAND FITTINGS\
PF0095,ELBOW UPVC 2,0,219.54,PC,10,C5,PIPESAND FITTINGS\
PF0096,ELBOW UPVC 3,0,580,PC,1,C5,PIPESAND FITTINGS\
PF0097,ELBOW UPVC 6,6,1634,PC,2,C4,PIPESAND FITTINGS\
PF0098,END CAP G.I 3/4,49,33,PC,10,B2,PIPESAND FITTINGS\
PF0099,END CAP G.I 1,12,53,PC,10,B2,PIPESAND FITTINGS\
PF00100,END CAP G.I 2,14,92.8,PC,5,B3,PIPESAND FITTINGS\
PF00101A,END CAP G.I 4,5,278,PC,3,B2,PIPESAND FITTINGS\
PF00101B,END CAP PVC 3/4,6,40,PC,0,,PIPESAND FITTINGS\
PF00102,END CAP UPVC 125MM,1,500,PC,1,C5,PIPESAND FITTINGS\
PF00103,END CAP UPVC 2 1/4,1,500,PC,1,C5,PIPESAND FITTINGS\
PF00104,EQUAL TEE G.I 1/2,0,24,PC,5,B2,PIPESAND FITTINGS\
PF00105,EQUAL TEE G.I 3/4,15,39.15,PC,7,B2,PIPESAND FITTINGS\
PF00106A,EQUAL TEE G.I  1,0,60.9,PC,10,B2,PIPESAND FITTINGS\
PF00106B,EQUAL TEE G.I  1 X 1/2,0,93.96,PC,6,B2,PIPESAND FITTINGS\
PF00106C,EQUAL TEE G.I  1 X 3/4,4,93.96,PC,6,B2,PIPESAND FITTINGS\
PF00107,EQUAL TEE G.I 1 1/4,2,19.6,PC,1,B2,PIPESAND FITTINGS\
PF00108,EQUAL TEE G.I 1 1/2,1,140,PC,1,B2,PIPESAND FITTINGS\
PF00109,EQUAL TEE G.I 2,4,208.8,PC,3,B2,PIPESAND FITTINGS\
PF00110,EQUAL TEE G.I 2 X 1/2,0,217.5,PC,12,C4,PIPESAND FITTINGS\
PF00111,EQUAL TEE G.I  2 x 3/4,0,232,PC,10,B2,PIPESAND FITTINGS\
PF00112,EQUAL TEE G.I 2 X 1,15,217.5,PC,10,B2,PIPESAND FITTINGS\
PF00113,EQUAL TEE G.I  2 1/2 X 2,1,250,PC,1,B2,PIPESAND FITTINGS\
PF0014,EQUAL TEE G.I  2 1/2 X 2 1/2,3,250,PC,1,B2,PIPESAND FITTINGS\
PF00115,EQUAL TEE G.I  3,1,709.92,PC,2,B2,PIPESAND FITTINGS\
PF00116A,EQUAL TEE UPVC 1/2,0,30,PC,0,B2,PIPESAND FITTINGS\
PF00116B,EQUAL TEE UPVC 3/4,10,34.8,PC,4,B2,PIPESAND FITTINGS\
PF00116C,EQUAL TEE UPVC  1,0,47.85,PC,4,B2,PIPESAND FITTINGS\
PF00116D,EQUAL TEE  UPVC 1 1/4,1,150,PC,1,C5,PIPESAND FITTINGS\
PF00117,EQUAL TEE UPVC  1 1/2,4,150,PC,2,C5,PIPESAND FITTINGS\
PF00118,EQUAL TEE UPVC  2,4,300,PC,6,C5,PIPESAND FITTINGS\
PF00119A,EQUAL TEE UPVC 2 X 1,9,417.6,PC,2,C4,PIPESAND FITTINGS\
PF00119B,EQUAL TEE UPVC 2 X 3/4,9,438.48,PC,2,C4,PIPESAND FITTINGS\
PF00119C,EQUAL TEE UPVC 2 X 1/2,22,556.8,PC,2,C4,PIPESAND FITTINGS\
PF00119D,EQUAL TEE UPVC 3,3,385,PC,2,C4,PIPESAND FITTINGS\
PF00119E,EXPOXY,0,200,PC,0,C4,PIPESAND FITTINGS\
PF00120,FABRICATED MANHOLE COVER,1,400,PC,1,B4,PIPESAND FITTINGS\
PF00121A,FLENNGED ADAPTOR COUPLING 315MM,2,16440,PC,1,H4,PIPESAND FITTINGS\
PF00121B,FLENGED BELL MOUTH DN 150MM,1,0,PC,1,H4,PIPESAND FITTINGS\
PF00122,FLENGED BELL MOUTH DN 3000MM/315MM,1,0,PC,1,L3,PIPESAND FITTINGS\
PF00123,FLENGED GASKET 2,19,0,PC,10,B3,PIPESAND FITTINGS\
PF00124,FLENGE G.I 2  63MM,26,0,PC,10,H5,PIPESAND FITTINGS\
PF00125A,FLENGED ELBOW DN 80MM BLACK,1,4000,PC,1,PYI,PIPESAND FITTINGS\
PF00125B,FLENGED ELBOW 160MM EXPOXY COATED 90,0,18374,PC,0,L5,PIPESAND FITTINGS\
PF00125C,FLENGED ELBOW 200MM EXPOXY COATED 90,0,27840,PC,0,L5,PIPESAND FITTINGS\
PF00126,FLENGED NIPPLE 63MM,7,2000,PC,6,H4,PIPESAND FITTINGS\
PF00127,FLANGED DOUBLE TAPPED 1/2 D.I PIPE 80MM X 0.49 BLUE,1,0,PC,1,D5,PIPESAND FITTINGS\
PF00128,FLENGED FLAP VALVE DN300,1,0,PC,1,D7,PIPESAND FITTINGS\
PF00129,FLANGED PIPE D.I 80MM X 0.59M  BLACK,1,0,PC,1,D5,PIPESAND FITTINGS\
PF00130,FLANGED PIPE D.I 80MM X 0.98M  BLACK,0,0,PC,1,D5,PIPESAND FITTINGS\
PF00131,FLENGED SOCKET ADAPTOR 63MM,18,1500,PC,3,H2,PIPESAND FITTINGS\
PF00132,FLENGED SOCKET ADAPTOR 63MM X 3/4 TAPPED,1,1500,PC,1,H2,PIPESAND FITTINGS\
PF00133,FLENGED SOCKET ADAPTOR  63MMTHREADED  63MM,20,2500,PC,6,H1,PIPESAND FITTINGS\
PF00134,FLENGED SOCKET ADPTOR 90MM,2,4500,PC,2,D4,PIPESAND FITTINGS\
PF00135,FLENGED SOCKET ADAPTOR 98MM VJ COUPLING,0,0,PC,0,G5,PIPESAND FITTINGS\
PF00136,FLENGED  SOCKET ADAPTOR  110MM,7,2700,PC,2,K3,PIPESAND FITTINGS\
PF00137,FLENGED SOCKET ADAPTOR  DN 110MM X 3/4 TAPPED,1,2700,PC,1,K3,PIPESAND FITTINGS\
PF00138,FLENGED SOCKET ADAPTOR 110MM X 3/4 TAPPED,3,2700,PC,1,H5,PIPESAND FITTINGS\
PF00139,FLENGED SOCKET ADAPTOR 118.1MM O.D,0,4500,PC,1,G5,PIPESAND FITTINGS\
PF00140,FLENGED SOCKET ADAPTOR 160MM,4,7500,PC,2,K3,PIPESAND FITTINGS\
PF00141,FLENGED SOCKET ADAPTOR 160MM X 3/4 TAPPED,1,7500,PC,1,K3,PIPESAND FITTINGS\
PF00142,FLENGED SOCKET ADAPTOR 170MM,1,7500,PC,1,G3,PIPESAND FITTINGS\
PF00143,FLENGED SOCKET ADAPTOR D.I 222MM O.D,1,9000,PC,1,G5,PIPESAND FITTINGS\
PF00144,FLENGED SOCKET ADAPTOR 225MM,0,9000,PC,1,K3,PIPESAND FITTINGS\
PF00145,FLENGED SOCKET ADAPTOR 315MM,5,18000,PC,2,K2,PIPESAND FITTINGS\
PF00146,FLENGED SPIGOT 63MM,18,750,PC,6,H3,PIPESAND FITTINGS\
PF00147,FLENGED SPIGOT   ADOPTOR - 80MM,2,3000,PC,2,H2,PIPESAND FITTINGS\
PF00148,FLENGED SPIGOT  ADOPTOR -90MM,10,3000,PC,9,H4,PIPESAND FITTINGS\
PF00149,FLENGED SPIGOT  ADOPTOR -90MM TAPPED 3/4,1,3000,PC,2,I5,PIPESAND FITTINGS\
PF00150,FLENGED SPIGOT   ADOPTOR DN 90MM,5,3000,PC,2,H2,PIPESAND FITTINGS\
PF00151,FLENGED SPIGOT   ADOPTOR  110MM,9,3500,PC,3,H3,PIPESAND FITTINGS\
PF00152,FLENGED SPIGOT  ADOPTOR -110MM  X TAPPED 3/4,2,3500,PC,1,H3,PIPESAND FITTINGS\
PF00153,FLENGED SPIGOT  ADOPTOR -160MM  X TAPPED 3/4,0,0,PC,1,H4,PIPESAND FITTINGS\
PF00154,FLENGED SPIGOT DN 150/1000MM,1,4500,PC,1,D/ TANK,PIPESAND FITTINGS\
PF00155,FLENGED SPIGOT DN 200MM,3,14500,PC,1,H1,PIPESAND FITTINGS\
PF00156,FLENGED SPIGOT ADAPTORS - 225MM,3,11300,PC,2,H2,PIPESAND FITTINGS\
PF00157,FLENGED SPIGOT ADAPTORS 225MM X3/4 TAPPED,1,11300,PC,1,H3,PIPESAND FITTINGS\
PF00158,FLENGED SPIGOT DN 300MM X 100MM,1,4500,PC,1,D6,PIPESAND FITTINGS\
PF00159,FLENGED SOCKET ADAPTOR DN 326MM O.D,5,14500,PC,2,G4,PIPESAND FITTINGS\
PF00160,FLENGED STEEL ELBOW 110MM X 90,0,5499.99,PC,2,G4,PIPESAND FITTINGS\
PF00161A,FLENGED STEEL NIPPLE TAPPED 110MM,1,5499.99,PC,2,G4,PIPESAND FITTINGS\
PF00161B,FLENGED 110MM THREADED,3,2563.6,PC,2,G4,PIPESAND FITTINGS\
PF00162,FLENGED STEEL  TEE 315MM X 200MM,0,23600.2,PC,1,W1,PIPESAND FITTINGS\
PF00163,FLENGED TEE 90MM D.I,2,6900,PC,1,D4,PIPESAND FITTINGS\
PF00164,FLENGED THREADED ADAPTOR 63MM,5,2600,PC,2,H2,PIPESAND FITTINGS\
PF00165,FLEXIBLE TUBE 1/2,3,150,PC,2,B4,PIPESAND FITTINGS\
PF00166,FLOW VALVE ASSEMBLY,0,3000,PC,1,F1,PIPESAND FITTINGS\
PF00167,FOOT VALVE SWN W1/E9,5,0,PC,2,E5,PIPESAND FITTINGS\
PF00168,GATE VALVE 1/2  CHINA,0,0,PC,0,B4,PIPESAND FITTINGS\
PF00169,GATE VALVE 1/2 PEGLER,49,789,PC,12,B4,PIPESAND FITTINGS\
PF00170,GATE VALVE3/4 PEGLER,23,1045,PC,6,B4,PIPESAND FITTINGS\
PF00171A,GATE VALVE 1 PEGLER,14,1550,PC,6,B4,PIPESAND FITTINGS\
PF00171B,GATE VALVE 1 1/2 PEGLER,3,3490,PC,0,B4,PIPESAND FITTINGS\
PF00172,GATE VALVE 2 PEGLER,3,4756,PC,4,B4,PIPESAND FITTINGS\
PF00173,GATE VALVE 2 ITALY,0,0,PC,0,B4,PIPESAND FITTINGS\
PF00174,GATE VALVE 3 PEGLER,0,10440,PC,1,B4,PIPESAND FITTINGS\
PF00175,G.I BRACKET 2,2,35,PC,1,B2,PIPESAND FITTINGS\
PF00176,GRAVITY DOZER,0,48000,SET,0,F1,PIPESAND FITTINGS\
PF00177,GRIPS 1/4,11,35,PC,4,B3,PIPESAND FITTINGS\
PF00178,HACKSAW BLADES,15,128,PC,6,DR19,PIPESAND FITTINGS\
PF00179,HACKSAW FRAME,0,1624,PC,0,DR5,PIPESAND FITTINGS\
PF00180,HAND PUMP ROD,2,0,PC,1,L5,PIPESAND FITTINGS\
PF00181,HAND PUMP SIEVES HP 300,4,0,PC,0,BOX M,PIPESAND FITTINGS\
PF00182A,HDPE END PLUG 50MM,6,740,PC,0,G2,PIPESAND FITTINGS\
PF00182B,HDPE END PLUG 63MM,4,748.2,PC,0,G2,PIPESAND FITTINGS\
PF00182C,HDPE PIPE 50MM P10,0,122,MTR,0,YARD,PIPESAND FITTINGS\
PF00182D,HDPE PIPE 63MM P10,2000,200,MTR,0,YARD,PIPESAND FITTINGS\
PF00183A,HDPE MALE ADOPTER 50MM,3,680,PC,0,G2,PIPESAND FITTINGS\
PF00183B,HDPE MALE ADOPTER 63MM,4,702,PC,0,G2,PIPESAND FITTINGS\
PF00183C,HDPE MALE TEE 50MM,0,1896,PC,0,G2,PIPESAND FITTINGS\
PF00183D,HDPE  REDUCER TEE 63MM X 50MM,0,2190,PC,0,G2,PIPESAND FITTINGS\
PF000183E,HDPE COUPLING 50MM,6,990,PC,0,G2,PIPESAND FITTINGS\
PF00183F,HDPE COUPLING 63MM,0,1150,PC,0,G2,PIPESAND FITTINGS\
PF00183G,HDPE COUPLING 90MM,6,334.5,PC,0,G2,PIPESAND FITTINGS\
PF00183H1,HDPE SADDLE CLAMP 50MM X 32MM,12,220,PC,0,B3,PIPESAND FITTINGS\
PF00183H2,HDP SADDLE CLAMP 63MM X 32,14,315,PC,3,B3,PIPESAND FITTINGS\
PF00183I,HDP SADDLE CLAMP 90MM X 32,4,1100,PC,3,B3,PIPESAND FITTINGS\
PF00183J,HDP SADDLE CLAMP 110MM X 63,5,565,PC,3,B3,PIPESAND FITTINGS\
PF00183K,HDP SADDLE CLAMP160MM X 63,6,1875,PC,3,B3,PIPESAND FITTINGS\
PF00183L,HDP SADDLE CLAMP225MM X63,5,5220,PC,3,B3,PIPESAND FITTINGS\
PF00184,HOSECLIP 1/2,1,25,PC,1,B3,PIPESAND FITTINGS\
PF00185A,HOSE PIPE 2,0,0,MTR,0,L5,PIPESAND FITTINGS\
PF00185B,HOSE PIPE 21/2,0,0,ROLL,0,,PIPESAND FITTINGS\
PF00186,HOSE TAIL ADAPTOR -STAINLESS STEEL,2,2500,PC,2,F1,PIPESAND FITTINGS\
PF00187,JUBILEE CLIPS 1.25  11/4,0,0,PC,0,B3,PIPESAND FITTINGS\
PF00188,JUBILEE CLIPS 2,0,0,PC,0,B3,PIPESAND FITTINGS\
PF00189,JOINT SEALANT  SIKAFLEX,0,0,PC,0,B6,PIPESAND FITTINGS\
PF00190,JUBILEE CLIP 6,8,18,PC,0,B3,PIPESAND FITTINGS\
PF00191,JUBILEE  TEE PVC 4",5,287,PC,0,C4,PIPESAND FITTINGS\
PF00192,KSB MOTOR FUNNEL,4,0,PC,0,E6,PIPESAND FITTINGS\
PF00193,KSB MOTOR PUMP 150 - 75,0,0,PC,0,BOX M,PIPESAND FITTINGS\
PF00194,KSB MOTOR PUMP  REPAIR KIT 1 - 104- 616683 PART 13 - 6,5,0,PC,0,BOX E,PIPESAND FITTINGS\
PF00195,KSB MOTOR SEAL KIT 90036350,5,0,PC,0,BOX E,PIPESAND FITTINGS\
PF00196,KSB PUMP REPAUR KITS  ASSORTED,18,0,PC,0,BOX M,PIPESAND FITTINGS\
PF00197,LOCKABLE TAP 3/4,1,500,PC,0,B4,PIPESAND FITTINGS\
PF00198,LONG RADIUS BEND 63MM X 11 1/4,14,70,PC,0,A2,PIPESAND FITTINGS\
PF00199,LONG RADIUS BEND 63MM X 22 1/2,2,70,PC,0,A2,PIPESAND FITTINGS\
PF00200,LONG RADIUS BEND 63MM X 45,1,120,PC,0,A2,PIPESAND FITTINGS\
PF00201A,LONG RADIUS BEND 90MM X 11 1/2,19,200,PC,0,A2,PIPESAND FITTINGS\
PF00201B,LONG RADIUS BEND 90MM X 45,7,162,PC,0,A4,PIPESAND FITTINGS\
PF00202,LONG RADIUS BEND 90MM X 90,1,1932.8,PC,0,A4,PIPESAND FITTINGS\
PF00203,LONG RADIUS BEND 110MM X 45,5,383,PC,0,A4,PIPESAND FITTINGS\
PF00204,LONG RADIUS BEND 110MM X 90,1,713,PC,0,A5,PIPESAND FITTINGS\
PF00205,LONG RADIUS BEND 110MM X 22 1/2,14,345,PC,0,A2,PIPESAND FITTINGS\
PF00206,LONG RADIUS BEND 160MM X 11 1/4,4,1110,PC,0,PYI,PIPESAND FITTINGS\
PF00207,LONG RADIUS BEND 160MM X 22 1/2,10,1110,PC,0,PYI,PIPESAND FITTINGS\
PF00208,LONG RADIUS BEND 160MM X 90,1,4500,PC,0,PYII,PIPESAND FITTINGS\
PF00209,LONG RADIUS BEND 225MM X 45,1,784,PC,0,PYII,PIPESAND FITTINGS\
PF00210,LONG RADIUS BEND 225MM X 90,2,2294,PC,0,PYII,PIPESAND FITTINGS\
PF00211,LONG RADIUS BEND 315MM X 45,3,7808,PC,0,PYII,PIPESAND FITTINGS\
PF00212A,MANOMETER 0 - 16 BARS,1,0,PC,0,DR18,PIPESAND FITTINGS\
PF00212 B,MANOMETER 0 - 20M BARS,0,4200,PC,0,DR18,PIPESAND FITTINGS\
PF00213,MANOMETER 0 - 25 BARS,3,0,PC,0,DR18,PIPESAND FITTINGS\
PF00214,MEASURING CYLINDER  GLASS,0,696,PC,1,DR15,PIPESAND FITTINGS\
PF00215,MEASURING MAST FOR DATA LONGER,2,0,PC,0,L2,PIPESAND FITTINGS\
PF00216,MEMBRANE PUMP,2,0,PC,0,E5,PIPESAND FITTINGS\
PF00217,METAL CENTRALIZERS,7,0,PC,0,G3,PIPESAND FITTINGS\
PF00218,METAL LOCKS  JUA KALI ,0,70,PC,0,B5,PIPESAND FITTINGS\
PF00219A1,METER HOUSING STEEL 1/2  - 3/4,26,1732,PC,6,L3,PIPESAND FITTINGS\
PF00219A2,METER HOUSING STEEL  1,1,1625,PC,0,,PIPESAND FITTINGS\
PF00219B,METER HOUSING /MARKER POST FORM WORK STEEL,0,2408,PC,0,L5,PIPESAND FITTINGS\
PF00220,NIPPLE 1/2,64,47,PC,6,B1,PIPESAND FITTINGS\
PF00221,NIPPLE 3/4,33,58,PC,6,B1,PIPESAND FITTINGS\
PF00222,NIPPLE 1,1,76,PC,6,B1,PIPESAND FITTINGS\
PF00223,NIPPLE 1 1/4,1,50,PC,0,B1,PIPESAND FITTINGS\
PF00224,NIPPLE 1 1/2,6,110,PC,1,B1,PIPESAND FITTINGS\
PF00225,NIPPLE 2,5,125.4,PC,10,B1,PIPESAND FITTINGS\
PF00226,NIPPLE 3,1,324.8,PC,2,B1,PIPESAND FITTINGS\
PF00227,NIPPLE 4,0,0,PC,0,B1,PIPESAND FITTINGS\
PF00228A,NYLON NOZZLES 4.7 - 8.3 ML/SEC,8,0,PC,0,F1,PIPESAND FITTINGS\
PF00228B,NYLON NOZZLES 12  -35ML/SEC,1,0,PC,0,F1,PIPESAND FITTINGS\
PF00229,NON RETURN VALVE 2 BRASS,0,3625,PC,0,B3,PIPESAND FITTINGS\
PF00230,O - RINGS L - 102818,89,2,PC,0,BOX E,PIPESAND FITTINGS\
PF00231,PETROL ENGIENE WATR PUMP,1,0,PC,0,G/ROOM,PIPESAND FITTINGS\
PF00232,PE - HD PIPES DN 150 X 5000MM,2,0,PC,0,PY1,PIPESAND FITTINGS\
PF00233,PH METR REPAIR KIT,1,0,PC,0,BOX E,PIPESAND FITTINGS\
PF00234,PILLAR TAPS,0,0,PC,0,B4,PIPESAND FITTINGS\
PF00235,PIPE G.I 1/2 C/B,0,2192,PC,6,PY1,PIPESAND FITTINGS\
PF00236,PIPE G.I 3/4 C/B,0,1581.57,PC,3,PY1,PIPESAND FITTINGS\
PF00237,PIPE G.I  1  C/B,6,1972,PC,4,PY1,PIPESAND FITTINGS\
PF00238,PIPE G.I  1 1/4 C/B,0,382.24,MTRS,1,PY1,PIPESAND FITTINGS\
PF00235,PIPE G.I 1/2 C/B,1,5500,PC,0,PY1,PIPESAND FITTINGS\
PF00240,PIPE G.I  2 C/B,15,7200,PC,6,PY1,PIPESAND FITTINGS\
PF00241,PIPE G.I  2 C/D,6,0,FTS,0,D7,PIPESAND FITTINGS\
PF00242,PIPE WRENCH   RECORD  NO.  12\,10 AND 18,0,2262,PC,1,DR15,PIPESAND FITTINGS\
PF00243,PLAIN ENDED PIPE DN 300MM X 3M,1,0,PC,0,C/STORE,PIPESAND FITTINGS\
PF00244,PLAIN SOCKET G.I  1/2,58,29,PC,12,B3,PIPESAND FITTINGS\
PF00245,PLAIN SOCKET G.I  3/4,19,33,PC,12,B3,PIPESAND FITTINGS\
PF00246,PLAIN SOCKET G.I  1,22,55,PC,6,B3,PIPESAND FITTINGS\
PF00247,PLAIN SOCKET G.I  1  1/4,7,30,PC,5,B3,PIPESAND FITTINGS\
PF00248,PLAIN SOCKET G.I  1  1/2,45,20.88,PC,12,B3,PIPESAND FITTINGS\
PF00249,PLAIN SOCKET G.I  2,46,95.7,PC,10,B3,PIPESAND FITTINGS\
PF00250,PLAIN SOCKET G.I  3,2,324.8,PC,2,B3,PIPESAND FITTINGS\
PF00251,PLAIN SOCKET  G.I 4,0,0,PC,0,B3,PIPESAND FITTINGS\
PF00252,PLUG ACCESSS,2,29,PC,0,C5,PIPESAND FITTINGS\
PF00253,PLATE GAUGE ASSEMBLY,1,6000,PC,1,F1,PIPESAND FITTINGS\
PF00254,PLUG G.I 1/2,30,27,PC,12,B1,PIPESAND FITTINGS\
PF00255,PLUG  G.I 3/4,24,30,PC,6,B1,PIPESAND FITTINGS\
PF00256A,PLUG 1,12,41,PC,10,B1,PIPESAND FITTINGS\
PF00256B,PLUG 1 1/4 WASTE,1,50,PC,0,B1,PIPESAND FITTINGS\
PF00257,PLUG  G.I  1 1/2,0,0,PC,0,B1,PIPESAND FITTINGS\
PF00258,PLUG G.I  2,0,69.6,PC,6,B1,PIPESAND FITTINGS\
PF00259A,P.P.R MALE TRANSCATION,0,180,PC,0,BI,PIPESAND FITTINGS\
PF00259B,PPR ELBOW 20MM,77,8.5,PC,0,B1,PIPESAND FITTINGS\
PF00259C,PPR ELBOW 25MM,56,11.2,PC,0,B1,PIPESAND FITTINGS\
PF00259D,PPR ELBOW 32MM,59,19,PC,0,B1,PIPESAND FITTINGS\
PF00259E1,PPR FEMALE ELBOW 20MM,34,8.2,PC,0,B2,PIPESAND FITTINGS\
PF00259E2,PPR FEMALE ELBOW 25MM,23,12,PC,0,B2,PIPESAND FITTINGS\
PF00259E3,PPR FEMALE ELBOW 32MM,12,18,PC,0,B2,PIPESAND FITTINGS\
PF00259F1,PPR TEE 25MM,12,18,PC,0,B2,PIPESAND FITTINGS\
PF00259F2,PPR TEE 32MM,12,30,PC,0,B2,PIPESAND FITTINGS\
PF00259G1,PPRFEMALE TEE 25MM,11,70,PC,0,B2,PIPESAND FITTINGS\
PF00259G2,PPR FEMALE TEE 32MM,12,88,PC,0,B2,PIPESAND FITTINGS\
PF00259G3,PPR FEMALE ADOPTER 20MM,24,27,PC,0,B2,PIPESAND FITTINGS\
PF00259G4,PPR FEMALE ADOPTER 25MM,12,37,PC,0,B2,PIPESAND FITTINGS\
PF00259G5,PPR FEMALE ADOPTER 32MM,12,63,PC,0,B2,PIPESAND FITTINGS\
PF00259H1,PPR MALE ADOPTER 20MM,158,29,PC,0,B2,PIPESAND FITTINGS\
PF00259H2,PPR MALE ADOPTER 25MM,99,41,PC,0,B2,PIPESAND FITTINGS\
PF00259H3,PPR MALE ADOPTER 32MM,53,70,PC,0,B2,PIPESAND FITTINGS\
PF00259I1,PPR PIPE 20MM PN 16,1854,36.5,MTR,0,YARD,PIPESAND FITTINGS\
PF00259I2,PPR PIPE 25MM PN 16,951,57,MTR,0,YARD,PIPESAND FITTINGS\
PF00259I3,PPR PIPE 32MM,1077,94,MTR,0,YARD,PIPESAND FITTINGS\
PF00259J1,PPR PLAIN SOCKET 20MM,18,5.8,PC,0,B3,PIPESAND FITTINGS\
PF00259J2,PPR PLAIN SOCKET 25MM,17,7,PC,0,B3,PIPESAND FITTINGS\
PF00259J3,PPR PLAIN SOCKET 32MM,17,12,PC,0,B3,PIPESAND FITTINGS\
PF00259K1,PPR REDUCING SOCKET 25MM X 20MM,12,12,PC,0,B3,PIPESAND FITTINGS\
PF00259K2,PPR REDUCING SOCKET 32MM X 25MM,12,14,PC,0,B3,PIPESAND FITTINGS\
PF00259L1,PPR UNION 20MM,58,53,PC,0,B3,PIPESAND FITTINGS\
PF00259L2,PPR UNION 25MM,36,70,PC,0,B3,PIPESAND FITTINGS\
PF00259L3,PPR UNION 32MM,24,78,PC,0,B3,PIPESAND FITTINGS\
PF00259M,PPR WELDING MACHINE,0,6032,PC,0,B3,PIPESAND FITTINGS\
PF00260,PRESSURE TESTING MACHINE  MACHINE,3,0,PC,0,L1,PIPESAND FITTINGS\
PF00261,PRESSURE PIPE  PVC   1,5,0,MTR,0,PY1,PIPESAND FITTINGS\
PF00262,PRESSURE PIPE UPVC  63MM,2.2,0,MTR,0,Y/STORE,PIPESAND FITTINGS\
PF00263,PRESSURE PIPE UPVC  90MM,233,0,MTR,0,Y/STORE,PIPESAND FITTINGS\
PF00264,PRESSURE PIPE UPVC 110MM,0.2,0,MTR,0,Y/STORE,PIPESAND FITTINGS\
PF00265,PRESSURE PIPE UPVC 160MM,66,0,MTR,0,Y/STORE,PIPESAND FITTINGS\
PF00266,PRESSURE PIPE UPVC 225MM,40.95,0,MTR,0,Y/STORE,PIPESAND FITTINGS\
PF00267,PRESSURE PIPE UPVC 315MM,30.2,0,MTR,0,Y/STORE,PIPESAND FITTINGS\
PF00268A,PRESSURE PIPE UPVC 3.2MM,3.2,0,MTR,0,Y/STORE,PIPESAND FITTINGS\
PF00268B,PRESSURE TRANSDUCERVW1/A61,16,0,PC,0,,PIPESAND FITTINGS\
PF00269,PVC CASSING PIPE  1 X 3M  BLUE,23,0,PC,0,PY1,PIPESAND FITTINGS\
PF00270,PVC CASSING PIPE  1M X 75M,1,0,PC,0,PY1,PIPESAND FITTINGS\
PF00271,PVC CASSING PIPE 250MM X 300MM BLUE,14,0,PC,0,Y/STORE,PIPESAND FITTINGS\
PF00272,PVC CASSING PIPE 300MM X 315MM EDIGO,13,0,PC,0,Y/STORE,PIPESAND FITTINGS\
PF00273,PVC REDUCER 25MM X 20MM,0,40,PC,0,B3,PIPESAND FITTINGS\
PF00274,PVC REDUCER 32MM X 25MM,0,80,PC,0,B3,PIPESAND FITTINGS\
PF00275,PVC SCREEN PIPES 1 X3M BLUE,21,0,PC,0,PY1,PIPESAND FITTINGS\
PF00276,PVC SCREEN PIPES 75MM X300 BLUE,3,0,PC,0,L5,PIPESAND FITTINGS\
PF00277,PVC SCREEN PIPE 3000M X 315MM BROWN,2,0,PC,0,Y/STORE,PIPESAND FITTINGS\
PF00278,PVC SCREEN PIPE 280MM X 1M  BLUE ,3,0,PC,0,Y/STORE,PIPESAND FITTINGS\
PF00279A,PVC TEE 20MM,0,35,PC,0,C5,PIPESAND FITTINGS\
PF00279B,PVC TANK CONNECTOR 20MM,1,150,PC,0,C5,PIPESAND FITTINGS\
PF00280,PVC WATER SPRINKLE 3 ARM,0,522,PC,0,,PIPESAND FITTINGS\
PF00281,PUMP STAND 5 X 6  NUTS AND BOLT,4,0,PC,0,BOX M,PIPESAND FITTINGS\
PF00282A,RAWL BOLTS M8,0,75.4,PC,0,,PIPESAND FITTINGS\
PF00282,REDUCING BUSH 3/4 X 1/2,1,30,PC,6,B1,PIPESAND FITTINGS\
PF00283,REDUCING BUSH  1 X 1/2,1,50,PC,6,B1,PIPESAND FITTINGS\
PF00284,REDUCING BUSH 1 X 3/4,4,50,PC,6,B1,PIPESAND FITTINGS\
PF00285,REDUCING BUSH 1 X 1/2  BRASS,6,150,PC,0,A2,PIPESAND FITTINGS\
PF00286,REDUCING BUSH  1 1/2 X  1,2,60,PC,3,B1,PIPESAND FITTINGS\
PF00287,REDUCING BUSH   G.I  2 X 1/2,11,110,PC,3,B1,PIPESAND FITTINGS\
PF00287B,REDUCING BUSH G.I 2 X 3/4,11,110,PC,3,B1,PIPESAND FITTINGS\
PF00288,REDUCING BUSH   G.I  2 X 1,7,110,PC,6,B1,PIPESAND FITTINGS\
PF00289,REDUCING BUSH   G.I  2 X 1 1/4,2,75,PC,1,B1,PIPESAND FITTINGS\
PF00290,REDUCING BUSH   G.I  2 X  1 1/2,8,115,PC,2,B1,PIPESAND FITTINGS\
PF00291,REDUCING BUSH   G.I  2 1/2 X 1,1,120,PC,1,B1,PIPESAND FITTINGS\
PF00292,REDUCING BUSH   G.I  2  1/2 X  2,3,120,PC,1,B1,PIPESAND FITTINGS\
PF00293,REDUCING BUSH   G.I  2  1/2 X  1 1/2,2,168,PC,1,B1,PIPESAND FITTINGS\
PF00294,REDUCING BUSH G.I 3 X 1,0,300,PC,1,B1,PIPESAND FITTINGS\
PF00295,REDUCING BUSH G.I 3 X 2,0,300,PC,1,B1,PIPESAND FITTINGS\
PF00296,REDUCING BUSH G.I 4 X 2,43,400,PC,10,B1,PIPESAND FITTINGS\
PF00297A,REDUCING PLUG SOCKET 4 X 2 UPVC,2,120,PC,0,C5,PIPESAND FITTINGS\
PF00297B,REDUCING BUSH UPVC 3/4 X 1/2,17,46.4,PC,0,B2,PIPESAND FITTINGS\
PF00297C,REDUCING BUSH UPVC 1X 3/4,24,76.56,PC,0,B2,PIPESAND FITTINGS\
PF00297D,REDUCING BUSH UPVC 2 X 1,24,406,PC,0,B2,PIPESAND FITTINGS\
PF00298A,REDUCING SOCKET G.I 3/4 X 1/2,12,21.04,PC,6,B4,PIPESAND FITTINGS\
PF00298B,REDUCING SOCKET G.I 1 X 1/2,0,50,PC,0,B4,PIPESAND FITTINGS\
PF00299,REDUCING SOCKET G.I  1 X 3/4,0,43.5,PC,6,B4,PIPESAND FITTINGS\
PF00300,REDUCING SOCKET G.I 2 X 1/2,12,140,PC,6,C4,PIPESAND FITTINGS\
PF00301,REDUCING SOCKET G.I  2 X 3/4,12,140,PC,6,B3,PIPESAND FITTINGS\
PF00302A,REDUCING SOCKET G.I 2 X 1,12,152,PC,6,B3,PIPESAND FITTINGS\
PF00302B,REDUCING SOCKET G.I 2 X 1 1/2,6,152,PC,0,B3,PIPESAND FITTINGS\
PF00303,REDUCING SOCKET G.I 2 1/2 X  2,0,256.3,PC,0,B1,PIPESAND FITTINGS\
PF00304,REDUCING SOCKET 3 X 2,0,464,PC,0,B1,PIPESAND FITTINGS\
PF00305,REDUCING SOCKET  G.I 4 X 2  1/2,4,242,PC,0,B4,PIPESAND FITTINGS\
PF00306A,REDUCING SOCKET  UPVC 3/4 X 1/2,0,40,PC,0,B4,PIPESAND FITTINGS\
PF00306B,REDUCING SOCKET  UPVC 1 X 1/2,10,75.9,PC,0,B2,PIPESAND FITTINGS\
PF00307,REDUCING SOCKET UPVC 1 X 3/4,17,41.76,PC,0,B2,PIPESAND FITTINGS\
PF00308,REBBER SEALING KIT   FOR DN 50 METRE ,1,0,SET,0,BOX E,PIPESAND FITTINGS\
PF00309,RUBBER  GASKET,12,632,MTR,0,A2,PIPESAND FITTINGS\
PF00310,RUBBER GASKET FLAP,0,765.6,KG,0,G2,PIPESAND FITTINGS\
PF00311,RUBBER GASKET  - 90MM  BLACK,16,0,PC,10,A1,PIPESAND FITTINGS\
PF00312,RUBBER GASKET - 90MM  FLENGED,1,0,PC,0,A2,PIPESAND FITTINGS\
PF00313,RUBBER GASKET - 90MM  IMPORTED,26,0,PC,0,A1,PIPESAND FITTINGS\
PF00314,RUBBER GASKET - 110MM,26,0,PC,0,A2,PIPESAND FITTINGS\
PF00315,RUBBER GASKET - 160MM,30,0,PC,0,A4,PIPESAND FITTINGS\
PF00316,RUBBER GASKET - 225MM,0,0,PC,0,A1,PIPESAND FITTINGS\
PF00317,RUBBER GASKET - 315MM,33,0,PC,0,A12,PIPESAND FITTINGS\
PF00318,RUBBER RINGS L - 107572,6,0,PC,0,BOX M,PIPESAND FITTINGS\
PF00319,RUBBER RINGS 63MM,0,44.99,PC,50,D5,PIPESAND FITTINGS\
PF00320,RUBBER RINGS 90MM,42,50,PC,0,D5,PIPESAND FITTINGS\
PF00321,RUBBER RINGS 110MM,10,232,PC,0,A2,PIPESAND FITTINGS\
PF00322,RUBBER RINGS 160MM X 150MM,5,435,PC,0,A2,PIPESAND FITTINGS\
PF00323,RUBBER RINGS 225MM X200 MM,0,0,PC,0,A1,PIPESAND FITTINGS\
PF00324,RUBBER RINGS 300MM X315MM,105,0,PC,0,A1,PIPESAND FITTINGS\
PF00325,SADDLE CLAMP 2,2,500,PC,2,C3,PIPESAND FITTINGS\
PF00326,SADDLE CLAMP 3 X 1/2   90MMM X 20MM,0,3000,PC,0,C3,PIPESAND FITTINGS\
PF00327,SADDLE CLAMP 3 X 3/4,0,2800,PC,0,C3,PIPESAND FITTINGS\
PF00328,SADDLE CLAMP  3 X 1 AND 3 X 2,4,3000,PC,6,C3,PIPESAND FITTINGS\
PF00329,SADDLE CLAMP 4 X 3/4,0,2500,PC,1,C3,PIPESAND FITTINGS\
PF00330,SADDLE CLAMP  4 X 2,7,500,PC,0,C3,PIPESAND FITTINGS\
PF00331,SADDLE CLAMP 6 X 3/4,3,600,PC,0,C3,PIPESAND FITTINGS\
PF00332,SADDLE CLAMP 6 X 2/ 6 X1,1,6500,PC,0,C3,PIPESAND FITTINGS\
PF00333,SADDLE CLAMP 6 X3,0,2900,PC,0,C1,PIPESAND FITTINGS\
PF00334,SADDLE CLAMP 225MM X 63MM,1,9000,PC,5,C3,PIPESAND FITTINGS\
PF00335,SCREEN PIPE 100MM X 3M   BLUE,2,0,PC,0,PY/STORE,PIPESAND FITTINGS\
PF00336,SCREW SPANNER ADJUSTABLE NO.8\,15\,12,0,3393,PC,0,DR5,PIPESAND FITTINGS\
PF00337,SINGLE BRANCH PVC 2 1/2,8,250,PC,0,C4,PIPESAND FITTINGS\
PF00338,SINGLE FLENGED PIPE DN150 X 3.5M,1,0,PC,0,PY/STORE,PIPESAND FITTINGS\
PF00339,SINK WATER TRAP  1,2,250,PC,0,B4,PIPESAND FITTINGS\
PF00340,SOLVENT CEMENT 500ML,0,580,PC,4,DR19,PIPESAND FITTINGS\
PF00341,SOLVENT CEMENT 250ML,2,348,PC,8,DR19,PIPESAND FITTINGS\
PF00342,SLUICE VALVE DN 50,4,16000,PC,2,E3,PIPESAND FITTINGS\
PF00343,SLUICE VALVE DN 80,1,20000,PC,1,E3,PIPESAND FITTINGS\
PF00344,SLUICE VALVE DN 100,1,25000,PC,1,E4,PIPESAND FITTINGS\
PF00345,STAINLESS BOSS ADAPTOR,1,2500,PC,1,F1,PIPESAND FITTINGS\
PF00346,STAINLESS STEEL BOSS ADAPTOR LOCK,1,1000,PC,1,FI,PIPESAND FITTINGS\
PF00347,STAINLESS  STEEL NOZZLES,9,1700,PC,3,F1,PIPESAND FITTINGS\
PF00347B,STEAM REDUCER 1/4 X 1/2,1,522,PC,1,,PIPESAND FITTINGS\
PF00348,STEEL CLIP 90/110 NORMAL,4,0,PC,1,B3,PIPESAND FITTINGS\
PF00349,STEEL DOUBLE SOCKET ADAPTOR 90 X 90MM,5,4500,PC,2,C1,PIPESAND FITTINGS\
PF00350,STEEL DOUBLE SOCKET ADAPTOR 110 X 110MM,14,4500,PC,4,C1,PIPESAND FITTINGS\
PF00351,STEEL SOCKET TEE BRANCH \, FLENGED ADAPTOR 160MM X 110MM,1,4500,PC,1,D3,PIPESAND FITTINGS\
PF00352A,STEEL DOUBLE SOCKET ADPTOR 160MM,7,6500,PC,3,C1,PIPESAND FITTINGS\
PF00352B,STEEL SOCKET TEE BRANCH ADAPTOR 225MM X 2 TAPPED THREAD BRANCH,4,6500,PC,2,D3,PIPESAND FITTINGS\
PF00353,STEEL DOUBLE SOCKET ADAPTOR 315MM,7,12000,PC,3,D1,PIPESAND FITTINGS\
PF00354,STEEL DOUBLE REDUCERS 160MM X 110MM,1,8000,PC,1,C2,PIPESAND FITTINGS\
PF00355,STEEL SOCKET TEE 63MM X 63MM,30,700,PC,10,D5,PIPESAND FITTINGS\
PF00356,STEEL SOCKET TEE 90MM X90MM,24,3000,PC,10,D5,PIPESAND FITTINGS\
PF00357,STEEL DOUBLE SOCKET 90MM X  BRANCHED 2,0,0,PC,0,C2,PIPESAND FITTINGS\
PF00358,STEEL SOCKET TEE - THREADED BRANCH 63MM X 2,28,4000,PC,10,C2,PIPESAND FITTINGS\
PF00359,STEEL SOCKET - THREADED BRANCH 110 X 2,13,4500,PC,4,C3,PIPESAND FITTINGS\
PF00360,STEEL SOCKET TEE 110MM X 110MM,5,1365,PC,2,D6,PIPESAND FITTINGS\
PF00361,STEEL SOCKET TEE 160MM X 2 - THREADED BRANCH,1,4500,PC,1,D3,PIPESAND FITTINGS\
PF00362,STEEL SOCKET TEE 160MM X 160MM,1,4500,PC,1,D6,PIPESAND FITTINGS\
PF00363,STEEL SOCKET REDUCER 90MM X 63MM,5,3500,PC,4,C1,PIPESAND FITTINGS\
PF00364,STEEL SPIGOT REDUCERS 90MM X 63MM,5,3800,PC,4,K4,PIPESAND FITTINGS\
PF00365,STEEL SPIGOT REDUCERS110MM X90MM,1,950,PC,1,C2,PIPESAND FITTINGS\
PF00366,STEEL SPINGOT SOCKET REDUCER 160MM X110MM,0,17000,PC,1,C2,PIPESAND FITTINGS\
PF00367,STEEL  SQUIRE TUBE 3/4 X 3/4,6,855,PC,3,PYI,PIPESAND FITTINGS\
PF00368,STEEL  SQUIRE TUBE  1 X1 X3MM X6M,0.3,1550,PC,0,PYI,PIPESAND FITTINGS\
PF00369,STEEL  SQUIRE TUBE  4 X4 X2MM X6M,0,2950,PC,0,PYI,PIPESAND FITTINGS\
PF00370,STOP COCK 3/4,2,650,PC,6,B4,PIPESAND FITTINGS\
PF00371,SWN CYLINDER SPARES W1/E6,3,0,PC,0,E6,PIPESAND FITTINGS\
PF00372,SWEEP BEND PVC,25,250,PC,10,C5,PIPESAND FITTINGS\
PF00373,THIMBLE G.I  1/4,26,32,PC,0,B3,PIPESAND FITTINGS\
PF00374,THIMBLE G.I  3/4,2,0,PC,0,B3,PIPESAND FITTINGS\
PF00375,THREAD SEAL TAPE,104,29,PC,0,DR19,PIPESAND FITTINGS\
PF00376,SWN ANCHOR BOLTS W1/E4,2,0,PC,0,E6,PIPESAND FITTINGS\
PF00377,TIGHTENING STRIPS,9,0,PC,0,L5,PIPESAND FITTINGS\
PF00378,TURNY PUMP SPECIAL TOOLS,6,0,PC,0,E1,PIPESAND FITTINGS\
PF00379,UNION G.I 1/2,12,98,PC,2,B2,PIPESAND FITTINGS\
PF00380,UNION G.I 3/4,6,115,PC,4,B2,PIPESAND FITTINGS\
PF00381,UNION G.I 1,6,145,PC,4,B2,PIPESAND FITTINGS\
PF00382,UNION G.I 1  1/2,12,120,PC,2,B2,PIPESAND FITTINGS\
PF00383,UNION G.I 2,20,390,PC,2,B2,PIPESAND FITTINGS\
PF00384,UNION G.I 2 1/2,2,100,PC,1,B2,PIPESAND FITTINGS\
PF00385,UNION G.I 3,1,250,PC,1,B2,PIPESAND FITTINGS\
PF00386A,UNION G.I 4,1,300,PC,1,B2,PIPESAND FITTINGS\
PF00387B,UNION UPVC 1/2,26,197.2,PC,0,B2,PIPESAND FITTINGS\
PF00387C,UNION UPVC 2,0,1000,PC,0,B2,PIPESAND FITTINGS\
PF 00386B,UNION UPVC 1,12,250.56,PC,0,B2,PIPESAND FITTINGS\
PF00387C,UPVC BIB TAP 1/2,0,250,PC,0,B3,PIPESAND FITTINGS\
PF00387C,UNION UPVC 2,0,1000,PC,0,B2,PIPESAND FITTINGS\
PF00387C,UPVC BIB TAP 1/2,0,250,PC,0,B3,PIPESAND FITTINGS\
PF00387F,UPVC PRESSURE BEND 160MM,0,3099.94,PC,1,A5,PIPESAND FITTINGS\
PF00388,UPVC PRESSURE PIPE 1/2 CLASS B,0,110,PC,75,PYI,PIPESAND FITTINGS\
PF00389,UPVC PRESSURE PIPE 3/4 CLASS B,111,350,PC,25,PYI,PIPESAND FITTINGS\
PF00390,UPVC PRESSURE PIPE 1 CLASS B,0,400,PC,50,PYI,PIPESAND FITTINGS\
PF00391A,UPVC PRESSURE PIPE 1 X 4 MTRS CLASS C,0,230,PC,0,PY1,PIPESAND FITTINGS\
PF00391B,UPVC PIPE 1 1/4 WASTE,1,400,PC,0,PY1,PIPESAND FITTINGS\
PF00391C,UPVC PIPE 1 1/2 CLAAS C,0,600,PC,0,PY1,PIPESAND FITTINGS\
PF00392,UPVC PRESSURE PIPE 63MM X 6MCLASS B,0,700,PC,250,PYI,PIPESAND FITTINGS\
PF00393,UPVC PRESSURE PIPE 63MM X 6MCLASS C,35,848,PC,0,PYI,PIPESAND FITTINGS\
PF00394A,UPVC PRESSURE PIPE 90MM X 6MCLASS B,0,1200,PC,150,PYI,PIPESAND FITTINGS\
PF00394B,UPVC PRESSURE PIPE 90MM X 6MCLASS C,39,1800,PC,0,PYI,PIPESAND FITTINGS\
PF00395A,UPVC PRESSURE PIPE 110MM X 6MCLASS B,12,1500,PC,0,PYI,PIPESAND FITTINGS\
PF00395B,UPVC PRESSURE PIPE 110MM X 6MCLASS C,30,1500,PC,0,PYI,PIPESAND FITTINGS\
PF00396,UPVC PRESSURE PIPE 110MM X 6MCLASS E,2,1500,PC,0,PYI,PIPESAND FITTINGS\
PF00397,UPVC PRESSURE PIPE 160MM X 6MCLASS B,136,3620,PC,0,PYI,PIPESAND FITTINGS\
PF00398,UPVC PRESSURE PIPE 160MM X 6MCLASS C,54,3620,PC,0,PYI,PIPESAND FITTINGS\
PF00399,UPVC PRESSURE PIPE 160MM X 6MCLASS D,4,3620,PC,0,PYI,PIPESAND FITTINGS\
PF00400,UPVC PRESSURE PIPE 225MM X 6MCLASS B,4.5,4600,PC,0,PYI,PIPESAND FITTINGS\
PF00401,UPVC PRESSURE PIPE 315MM X 6MCLASS B,10,7900,PC,0,PYI,PIPESAND FITTINGS\
PF00402,UPVC PRESSURE PIPE 315MM X 6MCLASSC,70,7900.3,PC,0,PYI,PIPESAND FITTINGS\
PF00403A,VALVE SOCKET UPVC 1/2 MALE,23,19,PC,12,C6,PIPESAND FITTINGS\
PF00403B,VALVE SOCKET UPVC 1/2 FEMALE,0,30,PC,0,C6,PIPESAND FITTINGS\
PF00404A,VALVE SOCKET UPVC 3/4 MALE,0,20.88,PC,12,C6,PIPESAND FITTINGS\
PF00404B,VALVE SOCKET UPVC 3/4 FEMALE,0,50,PC,0,C6,PIPESAND FITTINGS\
PF00405A,VALVE SOCKET UPVC 1  MALE,7,35,PC,12,C6,PIPESAND FITTINGS\
PF00405B,VALVE SOCKET UPVC 1 FEMALE,4,102,PC,0,C7,PIPESAND FITTINGS\
PF00405C,VALVE SOCKET UPVC 1 1/4MALE,0,150,PC,0,C7,PIPESAND FITTINGS\
PF00405D,VALVE SOCKET UPVC 1 1/2  MALE,47,69.8,PC,0,C6,PIPESAND FITTINGS\
PF00406,VALVE SOCKET UPVC 2,14,116,PC,12,C6,PIPESAND FITTINGS\
PF00407,VALVE SOCKET UPVC 3,3,185.6,PC,6,C6,PIPESAND FITTINGS\
PF00408,VALVE KEY AB 11B,2,100,PC,0,L2,PIPESAND FITTINGS\
PF00409,VALVE KEYS VAG 14,1,0,PC,0,L2,PIPESAND FITTINGS\
PF00410,VALVE KEYS VAG 17,1,0,PC,0,L2,PIPESAND FITTINGS\
PF00411,WATER METER DRY  1/2,35,3400,PC,12,B6,PIPESAND FITTINGS\
PF00412,WATER METER DRY 3/4,12,4000,PC,12,B6,PIPESAND FITTINGS\
PF00413,WATER METER DRY  1,2,11000,PC,12,B6,PIPESAND FITTINGS\
PF00414,WATER METER DRY   PVC 1,2,1827,PC,1,B6,PIPESAND FITTINGS\
PF00415,WATER METER DRY 4,0,65000,PC,0,E3,PIPESAND FITTINGS\
PF00416,WATER METER 50 DN,19,0,PC,0,K1,PIPESAND FITTINGS\
PF00417,WATER METER DN 50  CASELESS,11,0,PC,0,E1,PIPESAND FITTINGS\
PF00418,WATER METER CASSING DN 50,10,0,PC,0,K1,PIPESAND FITTINGS\
PF00419,WATRE PROOF ADAPTOR  1,1,85,PC,0,B3,PIPESAND FITTINGS\
PF00420,WATER TAP 1/2 BIB PEGLER,36,670,PC,12,B4,PIPESAND FITTINGS\
PF00421,WATER TAP 3/4  BIB PEGLER,20,1240,PC,12,B4,PIPESAND FITTINGS\
FL001,AXLE OIL 85W/140,17.7,339.24,LTR,5,G2,FUEL AND OIL\
FL002,DIESEL,64,105.83,LTR,75,DIESEL TANK,FUEL AND OIL\
FL003,DIESEL ENGINE OIL,10,300,LTR,10,G2,FUEL AND OIL\
FL004,GREASE,0,250,KG,1,G2,FUEL AND OIL\
FL005,2 STROKE MOTORCYCLE OIL,4,360,LTR,3,G2,FUEL AND OIL\
FL006,KEROSINE OIL,12,85,LTR,5,GEN RM,FUEL AND OIL\
FL007,PETROL,78,130.77,LTR,60,GEN RM,FUEL AND OIL\
FL008,PETROL ENGENE OIL SAE 40,6.1,340,LTR,3,G2,FUEL AND OIL\
FL009,RIMULA X - 10W -40,0,184,LTR,5,G2,FUEL AND OIL\
FL0010,TRANSMISSION OIL A.F.T,0.5,300,LTR,1,G2,FUEL AND OIL\
MC001,AIR FILTER 3TK - 14451 -00,0,569.33,PC,1,L3,MOTOR CYCLE SPARES\
MC002,BAND 18G - 23192-00,2,446.9,PC,1,L3,MOTOR CYCLE SPARES\
MC003,BACK SIDE MIRROR LEFT SIDE,0,1236.44,PC,1,L3,MOTOR CYCLE SPARES\
MC004,BACK SIDE MIRROR RIGHT SIDE,0,1252.22,PC,1,L3,MOTOR CYCLE SPARES\
MC005,BALL 93501 - 04011,13,1.9,PC,6,L3,MOTOR CYCLE SPARES\
MC006,BATTERY 12V MOTOR BIKE,2,5892.34,PC,1,L3,MOTOR CYCLE SPARES\
MC007,BATTERY  CLIPS,17,10,PC,5,L3,MOTOR CYCLE SPARES\
MC008,BEARING 6201,2,800,PC,1,L3,MOTOR CYCLE SPARES\
MC009,BEARING 6004,2,1072.11,PC,1,L3,MOTOR CYCLE SPARES\
MC0010,BEARING 93306 - 20226 6202,8,1707.06,PC,1,L3,MOTOR CYCLE SPARES\
MC0011,BEARINGV93306 - 20529 6205,1,1879,PC,1,L3,MOTOR CYCLE SPARES\
MC0012,BEARING 93306 - 20540 6205,0,0,PC,1,L3,MOTOR CYCLE SPARES\
MC0013,BEARING 32005 AND32006,0,0,PC,1,L3,MOTOR CYCLE SPARES\
MC0014,BEARING 93306 - 30202,0,300,PC,1,L3,MOTOR CYCLE SPARES\
MC0015,BEARING 6301,2,568,PC,1,L3,MOTOR CYCLE SPARES\
MC0016,BEARING 93306 - 30203 6302,2,568.69,PC,1,L3,MOTOR CYCLE SPARES\
MC0017,BEARING 93306 - 30302 6303,2,413.35,PC,1,L3,MOTOR CYCLE SPARES\
MC0018,BEARING 93306 - 304396304,0,1208,PC,1,L3,MOTOR CYCLE SPARES\
MC0019,BEARING  CYLINDRACAL ROLLER,1,705,PC,1,L3,MOTOR CYCLE SPARES\
MC0020,BICYCLE TUBE,0,0,PC,1,L3,MOTOR CYCLE SPARES\
MC0021,BOLT M6 X 50,5,10,PC,3,L3,MOTOR CYCLE SPARES\
MC0022,BOLT 91316 - 08025,2,18.6,PC,1,L3,MOTOR CYCLE SPARES\
MC0023,BODY CAP 1T9-21771-00,1,76,PC,1,L3,MOTOR CYCLE SPARES\
MC0024A,BODY HEAD LAMP DT-125,0,5053.22,PC,1,L3,MOTOR CYCLE SPARES\
MC0024B,BOOT CYLINDER 3626,0,68.03,PC,1,L3,MOTOR CYCLE SPARES\
MC0024C,BOSS CLUTCH 5VLE8,0,1829.61,PC,1,L3,MOTOR CYCLE SPARES\
MC0025,BRACET REAR,1,1400,PC,1,L3,MOTOR CYCLE SPARES\
MC0026,REAR BRAKE ARM YAMAHA CRUX,0,200,PC,1,L3,MOTOR CYCLE SPARES\
MC0027,BREATHER 2N4 - 15371 -00,2,71.4,PC,1,L3,MOTOR CYCLE SPARES\
MC0028,BRAKE CABLE FRONT YAMAHA YBR/CRUX,2,1076.36,PC,1,L3,MOTOR CYCLE SPARES\
MC0029,BRAKE CABLE FRONT YAMAHA  DT 18G,15,250.4,PC,3,L2,MOTOR CYCLE SPARES\
MC0030,BRAKE CABLE FRONT  TUKTUK,1,200,PC,1,L3,MOTOR CYCLE SPARES\
MC0031,BRAKE LEVER 2HO- 83922-30,4,1456.96,PC,1,L3,MOTOR CYCLE SPARES\
MC0032,BRAKE SHOE 3KGW253600,1,3933.25,PC,2,L3,MOTOR CYCLE SPARES\
MC0033A,BUSH 90386 - 18028,4,606.32,PC,2,L3,MOTOR CYCLE SPARES\
MC0033B,BUSH 2 18G-22124-00,3,1595.77,PC,1,L3,MOTOR CYCLE SPARES\
MC0033C,BUSH - 5VLF2,2,179.55,PC,1,L3,MOTOR CYCLE SPARES\
MC0033D,BUSH - 90386 - 4012112300 YBR,0,626.4,PC,1,L3,MOTOR CYCLE SPARES\
MC0034A,CARBUTATOR FLOAT DT 125,2,2845.58,PC,1,L3,MOTOR CYCLE SPARES\
MC0034B,CARBUTATOR JIONT,0,350,PC,1,L3,MOTOR CYCLE SPARES\
MC0034C,CAP 3J026,1,85.23,PC,1,L3,MOTOR CYCLE SPARES\
MC0034D,CABLE THROTTLE,0,966.29,PC,1,L3,MOTOR CYCLE SPARES\
MC0034E,CAP CABLE CONNECTION 3J026,0,141.82,PC,1,L3,MOTOR CYCLE SPARES\
MC0034F,CAMSHAFT HONDA 125CC,0,1000,PC,1,L3,MOTOR CYCLE SPARES\
MC0035,CHAIN SIZE 428,0,800,PC,1,L3,MOTOR CYCLE SPARES\
MC0036,CIRCLIP 93410 - 20038,2,19.4,PC,1,L3,MOTOR CYCLE SPARES\
MC0037,CLUTCH LEVER 36LH3912V000  CRUX,0,0,PC,1,L3,MOTOR CYCLE SPARES\
MC0038,CHAIN AND SPROCKET KIT DT 125 3TT- W001A-00,2,9011.45,KIT,1,L3,MOTOR CYCLE SPARES\
MC0039A,CHAIN AND SPROCKET KIT 3TT- 5VLW001A-00 CRUX,2,7797.79,KIT,1,L3,MOTOR CYCLE SPARES\
MC0039B,CHAIN AND SPROCKET KIT HONDA,0,1800,KIT,1,L3,MOTOR CYCLE SPARES\
MC0039C,CHEST GUARDS,0,500,PC,1,L3,MOTOR CYCLE SPARES\
MC0040A,CLUTCH CABLE 5VL - 76335-03,0,1209.55,PC,1,L3,MOTOR CYCLE SPARES\
MC0040B,CLUTCH CABLEV 18G  - 26335-00,2,1362.18,PC,1,L3,MOTOR CYCLE SPARES\
MC0041,CLUTCH BOSS 18G - 16371-00,2,464.7,PC,1,L3,MOTOR CYCLE SPARES\
MC0042A,CLUTCH FRICITION PLATE 18G,0,60,PC,5,L3,MOTOR CYCLE SPARES\
MC0042B,CLUTCH FRICITION PLATE 5VLE6321-00,3,553.16,PC,1,L1,MOTOR CYCLE SPARES\
MC0043,CLUTCH LEVER 2HO - 83912-30,0,947.39,PC,1,L3,MOTOR CYCLE SPARES\
MC0044,CLUTCH METER 18- 325149-00,3,106.72,PC,1,L3,MOTOR CYCLE SPARES\
MC0045A,CLUTCH PLATE 1V1 - 16324-00,5,661,PC,5,L3,MOTOR CYCLE SPARES\
MC0045B,CLUTCH PLATE 5VLE6324-00,3,243.41,PC,0,L3,MOTOR CYCLE SPARES\
MC0046,COIL PULSER 18G - 85580-21,1,1500,PC,1,L3,MOTOR CYCLE SPARES\
MC0047A,CONROD KIT ASSY 4Y2 - 11650-00,1,3204,PC,1,L3,MOTOR CYCLE SPARES\
MC0047B,CONNECTOR CABLE 3J026,0,219.93,PC,1,L3,MOTOR CYCLE SPARES\
MC0048,COVER SIDE - NO.1  18G - 217201010Y,0,3260,PC,1,L3,MOTOR CYCLE SPARES\
MC0049,COVER SIDE - NO.2  18G - 217201010Y,0,3509.77,PC,1,L3,MOTOR CYCLE SPARES\
MC0050,CRANK CASE COVER 18G - 15431 -00,4,1172.7,PC,1,L3,MOTOR CYCLE SPARES\
MC0051,CRANK COVE GASKET 2A6 - 1545 5-01,1,100,PC,1,L3,MOTOR CYCLE SPARES\
MC0052,CYLINDER GASKET 18G - 11351 -02,1,182.93,PC,1,L3,MOTOR CYCLE SPARES\
MC0053,CYLINDER  HEAD GASKET 1W - 11181 -00,0,373.819,PC,1,L3,MOTOR CYCLE SPARES\
MC0054,DASH BOARD ASSY.,0,1994.04,PC,1,L3,MOTOR CYCLE SPARES\
MC0055,EMBLEM 4J3 - 21786 -20,6,34.96,PC,2,L3,MOTOR CYCLE SPARES\
MC0056A,ENGINE CASSING YD 110 YAMAHA CRUX,0,5500,PC,0,L3,MOTOR CYCLE SPARES\
MC0056B,EXHAUST ASSY,0,15000,PC,0,L3,MOTOR CYCLE SPARES\
MC0057,FLASHER BULBS 6V/18W 1158331160,8,423.74,pc,1,L3,MOTOR CYCLE SPARES\
MC0058,FILLAR GAUGE 1708 AS / 20,1,940,PC,1,L3,MOTOR CYCLE SPARES\
MC0059,FLASHER BULBS 12VOLT,0,30,PC,1,L3,MOTOR CYCLE SPARES\
MC0060,FLASHER RELAY,2,3092.62,PC,0,L3,MOTOR CYCLE SPARES\
MC0061A,FRONT  FLASHER 189G- 833330 -01,3,2348.75,PC,1,L3,MOTOR CYCLE SPARES\
MC0061B,FRONT FLASHER 5VLF2 - YBR,2,1407.39,PC,0,,MOTOR CYCLE SPARES\
MC0062A,FRONT FOLK OIL SEAL YB,7,331.9,PC,1,L3,MOTOR CYCLE SPARES\
MC0062B,FRONT FOLK FITTINGS HONDA 125CC,0,900,PC,0,L3,MOTOR CYCLE SPARES\
MC0063,FRONT SPROCKET 36T - 1811 - 00,2,500,PC,1,L3,MOTOR CYCLE SPARES\
MC0064,FRONT SPOKES 401 - 25304 -20,70,88,PC,20,L3,MOTOR CYCLE SPARES\
MC0065,FRONT TYRE  CRUX,0,2000,PC,0,L3,MOTOR CYCLE SPARES\
MC0066A,FRONT TUBES 275 X 21,0,400,PC,2,L3,MOTOR CYCLE SPARES\
MC0066B,FRONT TUBE 275 X 17,0,300,PC,1,L3,MOTOR CYCLE SPARES\
MC0067,FRONT TYRE 275 X 21,0,7000,PC,1,L3,MOTOR CYCLE SPARES\
MC0068,FUEL COCK ASSY. 18G - 24500 - 02,0,4313.18,PC,0,L3,MOTOR CYCLE SPARES\
MC0069,FUEL FILTER,0,100,PC,0,L3,MOTOR CYCLE SPARES\
MC0070,FUSE HOLDER 55K 8215001,1,241,PC,1,L3,MOTOR CYCLE SPARES\
MC0071,GASKET FLOAT CHAMBER CARBURETOR,0,58.74,PC,0,L3,MOTOR CYCLE SPARES\
MC0072,GASKET MAKER,1,200,PC,1,L3,MOTOR CYCLE SPARES\
MC0073,GASKET PAPER,1,350,PC,1,L3,MOTOR CYCLE SPARES\
MC0074A,GEAR DRIVE,0,1080.56,PC,0,L3,MOTOR CYCLE SPARES\
MC0074B,GEAR KICK 15V - LE565 YBR,0,1378.83,PC,0,L3,MOTOR CYCLE SPARES\
MC0074C,GEAR LEVER- HONDA,0,600,PC,1,L3,MOTOR CYCLE SPARES\
MC0075,GEAR METER 5JO - 25138 - 00,19,128.4,PC,3,L3,MOTOR CYCLE SPARES\
MC0076,GRIP - LEFT HAND IE - 6 -Z6241 - 00,6,120,PC,3,L3,MOTOR CYCLE SPARES\
MC0077,GRIP[ - RIGHT HAND IA - 02 - 624201,2,625,PC,1,L3,MOTOR CYCLE SPARES\
MC0078A,GROMMET 90480 - 13398,10,14.4,PC,5,L3,MOTOR CYCLE SPARES\
MC0078B,GUIDE ROTOR 2T5  - 26274-00,0,95.97,PC,0,L3,MOTOR CYCLE SPARES\
MC0079,HEAD LAMP UNIT 5KAH43100 - 000,0,0,PC,0,L3,MOTOR CYCLE SPARES\
MC0080,HEAD LAMP UNIT - 18G -84110 - 00 DT,2,1898.1,PC,1,L3,MOTOR CYCLE SPARES\
MC0081,HEAD LIGHT BULB 12/6 VOLTS 17F - 84114 -00,0,1517.28,PC,3,L3,MOTOR CYCLE SPARES\
MC0082A,HELMENT RIDING,0,2610,PC,1,L3,MOTOR CYCLE SPARES\
MC0082B,HONDA MOTOR BIKE 125CC,0,109900,PC,0,L3,MOTOR CYCLE SPARES\
MC0083A,HOLDER 3J026,1,121.78,PC,1,L3,MOTOR CYCLE SPARES\
MC0083B,HORN - 18G - 83371 -10,2,800,PC,1,L3,MOTOR CYCLE SPARES\
MC0084A,INNER TUBECOMP 1 5VL- F3110-00 YBR,2,5326.69,PC,0,,MOTOR CYCLE SPARES\
MC0084B,JOINT AIR CLEANER 18G - 14453 -01,0,0,PC,1,L3,MOTOR CYCLE SPARES\
MC0085,KICK START 2A615622002,1,4547.5,PC,1,L3,MOTOR CYCLE SPARES\
MC0086,KICK GEAR  I W1 - 15641 -00,1,302.5,PC,1,L3,MOTOR CYCLE SPARES\
MC0087A,LAWN MOWER VICTA 6501/C 190CC,0,80000,PC,0,L3,MOTOR CYCLE SPARES\
MC0087B,LAWN MOWER BLADE,4,550,PC,0,L3,MOTOR CYCLE SPARES\
MC 0088,LEVER HOLDER 3Y -682911 - 00,1,452,PC,1,L3,MOTOR CYCLE SPARES\
MC0089,LEVER HOLDER 83J - 82910 -00,3,279,PC,1,L3,MOTOR CYCLE SPARES\
MC0090,LIGHTING COIL 3FT - 85512 - 00,8,1095,PC,3,L3,MOTOR CYCLE SPARES\
MC0091,MAIN SWITCH STEER 18G - 82501 -00,0,0,PC,0,L3,MOTOR CYCLE SPARES\
MC0092A,METER BULBS  DASH BOARD BULB 6V 3W,7,150,PC,3,L3,MOTOR CYCLE SPARES\
MC0092B,MOTOR BIKE 150CC HAOJIN,0,195,PC,0,L3,MOTOR CYCLE SPARES\
MC0093,MIRROR  RS L USED,2,0,PC,2,L3,MOTOR CYCLE SPARES\
MC0094,MUFFLER JOINT GASKET IW2 - 14714 -00,4,1031,PC,3,L3,MOTOR CYCLE SPARES\
MC0095,NEEDLE VALVE,3,1991.1,PC,1,L3,MOTOR CYCLE SPARES\
MC0096,NEELE SET 18G -18G - 1490Y - 00,0,627.5,PC,0,L3,MOTOR CYCLE SPARES\
MC0097,NUT - CASTLE,1,284.78,PC,1,L3,MOTOR CYCLE SPARES\
MC0098,OIL PUMP COVER GASKET 18G - 15456-02,3,65,PC,1,L3,MOTOR CYCLE SPARES\
MC0099,OIL PUMP ASSY,0,12955.8,PC,1,L3,MOTOR CYCLE SPARES\
MC00100,O - RING  - 93210 -180- A6,4,50,PC,2,L3,MOTOR CYCLE SPARES\
MC00101,O - RING 9321021190  DIP STICK,0,89.09,PC,0,L3,MOTOR CYCLE SPARES\
MC00102,OIL - SEAL 93101 - 12060,5,43,PC,3,L3,MOTOR CYCLE SPARES\
MC00103,OIL SEAL 93101 - 17060,0,0,PC,0,L3,MOTOR CYCLE SPARES\
MC00104,OIL SEAL 93102 - 26042,0,336.4,PC,0,L3,MOTOR CYCLE SPARES\
MC00105,OIL - SEAL 93102 - 25061,0,50,PC,1,L3,MOTOR CYCLE SPARES\
MC00105,OIL - SEAL 93102 - 25061,0,0,PC,0,L3,MOTOR CYCLE SPARES\
MC00107,OIL - SEAL 93103 - 281011,1,356.89,PC,1,L3,MOTOR CYCLE SPARES\
MC00108,OIL - SEAL 93104 - 14059,8,120,PC,1,L3,MOTOR CYCLE SPARES\
MC00109,OIL - SEAL 93106 - 26005,2,59,PC,1,L3,MOTOR CYCLE SPARES\
MC00110,OIL - SEAL 93110 - 35019  FRONT FOLK,7,678.6,PC,2,L3,MOTOR CYCLE SPARES\
MC00111,OIL SEAL 1T3 - 23145 - 00,0,99,PC,1,L3,MOTOR CYCLE SPARES\
MC00112,OIL SEAL  DT 125 ENGINE KIT,4,50,PC,1,L3,MOTOR CYCLE SPARES\
MC00113A,PEDAL BRAKE  YAMAHA CRUX,1,1707.98,PC,1,L3,MOTOR CYCLE SPARES\
MC0113B,PLATE FRICTION 5VLE6 YBR,0,563.32,PC,1,L3,MOTOR CYCLE SPARES\
MC00114A,PLIERS,0,200,PC,1,L3,MOTOR CYCLE SPARES\
MC00114B,PIN 2T - 526,0,75.02,PC,1,L3,MOTOR CYCLE SPARES\
MC00114C,PLUG OIL LEVEL 18G 15,0,384.25,PC,1,L3,MOTOR CYCLE SPARES\
MC00115A,PISTON 1310Y-KYY-900 HONDA,0,1450,PC,1,L3,MOTOR CYCLE SPARES\
MC00115B,PISTON 18L - 11630 -00 DT175,0,2200,PC,0,L3,MOTOR CYCLE SPARES\
MC00116,PISTON 18G - 11636 - 00,0,5834.8,PC,0,L3,MOTOR CYCLE SPARES\
MC00117,PISTON 18G - 11636 - 01,1,4992,PC,1,L3,MOTOR CYCLE SPARES\
MC00118,PISTON 18G - 11630 - 21 1ST OVER SIZE,0,4265.32,PC,0,L3,MOTOR CYCLE SPARES\
MC00119,PISTON RING 3TL - 11604 - 00,0,2571.72,PC,0,L3,MOTOR CYCLE SPARES\
MC00120,PISTON RING 3TL - 11605 - 00 O/S,0,2307.4,PC,0,L3,MOTOR CYCLE SPARES\
MC00121A,PISTON RING -5VLW1 - STD. YBR,0,2370,PC,1,L3,MOTOR CYCLE SPARES\
MC00121B,PISTON RING - 13011-KYY-970,0,900,PC,1,L3,MOTOR CYCLE SPARES\
MC00121C,PISTON RING 18G - 11601 - 00,1,750,PC,1,L3,MOTOR CYCLE SPARES\
MC00122,PISTON RING 2N5 - 11601 - 10,1,345,PC,1,L3,MOTOR CYCLE SPARES\
MC00123,PISTON RING 5T5E160300 YAMAHA CRUX,0,1693,SET,0,L3,MOTOR CYCLE SPARES\
MC00124,PISTONI RING 2NS - 11601 - 20,1,750,SET,1,L3,MOTOR CYCLE SPARES\
MC00125,PRIMARY DRIVE GEAR 3TL - 16150 -00,0,0,PC,0,W1,MOTOR CYCLE SPARES\
MC00126,PRIMARY DRIVE GEAR 2JK- 16111 - 01,1,609.5,PC,1,L3,MOTOR CYCLE SPARES\
MC00127,PROJECTOR 3JO - 22147 -00,6,774,PC,3,L3,MOTOR CYCLE SPARES\
MC00128,PULSAR COIL 18G - 85580 -230,4,774,PC,3,L3,MOTOR CYCLE SPARES\
MC00129A,PULSAR COIL  SOURCE,0,4263,PC,1,L3,MOTOR CYCLE SPARES\
MC00129B,PUMP CABLE 18G - 26321 - 10,1,999.46,PC,0,L3,MOTOR CYCLE SPARES\
MC00130,RACE BALL 93503 - 16010,3,1.9,PC,3,L3,MOTOR CYCLE SPARES\
MC00131,RACE BALL COVER 1,0,635,PC,0,L3,MOTOR CYCLE SPARES\
MC00132,RACE BALL COVER 2,0,608,PC,0,L3,MOTOR CYCLE SPARES\
MC00133A,REAR FLASHER,0,0,PC,1,L3,MOTOR CYCLE SPARES\
MC00133B,REAR FENDER - 5VLF161102 YBR,0,3107,PC,0,L3,MOTOR CYCLE SPARES\
MC00133C,REAR FLASHER 5VLF2-YBR,2,2124.08,PC,1,L3,MOTOR CYCLE SPARES\
MC00134,REAR LEN,1,1000,PC,1,L3,MOTOR CYCLE SPARES\
MC00135,REAR LIGHT SCREW,2,10,PC,1,L3,MOTOR CYCLE SPARES\
MC00136,REAR FOOT REST 120 - 27430-02,1,728.71,PC,2,L3,MOTOR CYCLE SPARES\
MC00137,REAR HUB 10V - 253100- 98,0,4400,PC,0,L3,MOTOR CYCLE SPARES\
MC00138,REAR SPOKES,4,83.17,PC,25,L3,MOTOR CYCLE SPARES\
MC00139,REAR SPROCKET 47T,0,4126.41,PC,1,L3,MOTOR CYCLE SPARES\
MC00140,REAR TUBE 410 X 18,0,1662.05,PC,1,L3,MOTOR CYCLE SPARES\
MC00141A,REAR WHEEL RIM  1.85 - 18 94418 - 18171,0,6467,PC,0,L3,MOTOR CYCLE SPARES\
MC00141B,REAR WHEEL SPACER,2,250,PC,0,L3,MOTOR CYCLE SPARES\
MC00142,RECTIFIER,3,270,PC,2,L3,MOTOR CYCLE SPARES\
MC00143,RECTIFIER  AND REGULATOR - 1RN - 81960-11,1,300,PC,1,L3,MOTOR CYCLE SPARES\
MC00144,RETURN SPRING CLIP  - 90468 -26183,2,61.18,PC,1,L3,MOTOR CYCLE SPARES\
MC00145,RIDING GLOVE,0,250,PAIR,0,L3,MOTOR CYCLE SPARES\
MC00146,RIDING BOOT,0,4176,PAIR,0,L3,MOTOR CYCLE SPARES\
MC00147,RIDING SUIT\, WATER PROOF WITH REFLECTOR,0,1200,PAIR,0,L3,MOTOR CYCLE SPARES\
MC00148,RING SPANNER 8 X 9,0,65,PC,0,L3,MOTOR CYCLE SPARES\
MC00149A,RING SPANNER 10 X 11,0,90,PC,0,L3,MOTOR CYCLE SPARES\
MC00149B,RING SPANNER 12 X 13,0,115,PC,0,L3,MOTOR CYCLE SPARES\
MC00150,ROTOR 2T526,0,104.02,PC,0,L3,MOTOR CYCLE SPARES\
MC00151A,SCREW 509 - 25194 -10,2,3.8,PC,1,L3,MOTOR CYCLE SPARES\
MC00151B,SCREW\, TAPPING 3J0 90167,0,18.85,PC,0,L3,MOTOR CYCLE SPARES\
MC00152,SEAL GUARD 2A6 - 22151 - 00,1,48,PC,1,L3,MOTOR CYCLE SPARES\
MC00153,SEAL GUARD FRAME 401 - 22128 - 01,0,104,PC,2,L3,MOTOR CYCLE SPARES\
MC00154,SELF LOCKING NUT 90185 - 12046,1,50,PC,1,L3,MOTOR CYCLE SPARES\
MC00155,SIDE COVER 18G -21711 - 10JS L/H,1,600,PC,1,L3,MOTOR CYCLE SPARES\
MC00156,SIDE COVER LOCK IE6 - 21708 - 00,1,302,PC,1,L3,MOTOR CYCLE SPARES\
MC00157,SIDE COVER DAMPER - 90480 - 12053,16,14.5,PC,4,L3,MOTOR CYCLE SPARES\
MC00158,SIDE MIRROR ASSY RH/LH YAMAHA CRUX,0,1935.62,PC,1,L3,MOTOR CYCLE SPARES\
MC00159A,SIDE STAND 18G - 27311-00,1,1988.82,PC,1,L3,MOTOR CYCLE SPARES\
MC00159B,SLINDER 2T5 - 26244 - 00,1,153,PC,1,L3,MOTOR CYCLE SPARES\
MC00160,SHAFT 2N - 422141 -00,1,850,PC,1,L3,MOTOR CYCLE SPARES\
MC00161,SHIFT PEDAL 2A6 - 18111 - 00,0,733.12,PC,1,L3,MOTOR CYCLE SPARES\
MC00162,SHIFT SHAFT ASSY 4F21 -4F2 - 18101 -02,2,840,PC,1,L3,MOTOR CYCLE SPARES\
MC00163,SHIM 401 -22127-00,4,50,PC,2,L3,MOTOR CYCLE SPARES\
MC00164,SHOCK BOOT,2,2980.48,PC,0,L3,MOTOR CYCLE SPARES\
MC00165A,SHOCK ABSORBER REAR,0,29902.3,PC,0,L3,MOTOR CYCLE SPARES\
MC00165B,SHOCK ABSORBER 5VLF2-YBR,0,6803.56,PC,0,L3,MOTOR CYCLE SPARES\
MC00166,SHOCK BOOT CLIPS,0,30,PC,0,L3,MOTOR CYCLE SPARES\
MC00167A,SPARK PLUG BP 6 E3YBR,4,449.96,PC,4,L3,MOTOR CYCLE SPARES\
MC00167B,SPARK PLUG B8ES- DT,0,490.36,PC,2,L3,MOTOR CYCLE SPARES\
MC00168,SPARK PLUG ASSY.,1,2038.95,PC,0,L3,MOTOR CYCLE SPARES\
MC00169A,SPEEDOMETER,1,1124,PC,1,L3,MOTOR CYCLE SPARES\
MC00169B,SPEED GEAR HONDA 125CC,0,450,PC,0,L3,MOTOR CYCLE SPARES\
MC00170,SPEEDOMETER ASSY.18G - 83570 -10,0,1124,PC,0,L3,MOTOR CYCLE SPARES\
MC00171,SPEEDOMETER CABLE YBR,1,1783.49,PC,0,L3,MOTOR CYCLE SPARES\
MC00172,SPEEDOMETER CABLE 18G,1,1781.76,PC,0,L3,MOTOR CYCLE SPARES\
MC00173A,SPRING SET  - 184 - 12460,2,75,PC,1,L3,MOTOR CYCLE SPARES\
MC00174A,SPRING\, COMPRESS 90501,1,70.14,PC,0,L3,MOTOR CYCLE SPARES\
MC00174B,SPROCKET DRIVEN YAMAHA CRUX,0,0,PC,0,L3,MOTOR CYCLE SPARES\
MC00175,SOCKET 3718 -  431260,1,675.3,PC,0,L3,MOTOR CYCLE SPARES\
MC00176,SOURCE COIL 3J0 - 85513 - 20,1,1140,PC,1,L3,MOTOR CYCLE SPARES\
MC00178A,STAND SPRING,4,50,PC,2,L3,MOTOR CYCLE SPARES\
MC00178B,STARTER RELAY 5VL-H1940-01,0,2584.65,PC,1,L3,MOTOR CYCLE SPARES\
MC00179,STOP SWITCH 3J0 - 8253 - 20,1,475,PC,0,L3,MOTOR CYCLE SPARES\
MC00180,SWING ARM REPAIR KIT,0,800,SET,0,L3,MOTOR CYCLE SPARES\
MCOO181,SWITCH HANDLE 18G - 83972 - 01,1,4955,PC,0,L3,MOTOR CYCLE SPARES\
MC00182,SWITCH HANDLE IR6 - 83976 - 01,2,504,PC,1,L3,MOTOR CYCLE SPARES\
MC00183,TACHOMETER CABLE 18G - 83560 -00,0,1603,PC,1,L3,MOTOR CYCLE SPARES\
MC00184,TACHOMETER CLOCK 18G - 83540 -00,1,2306,PC,1,L3,MOTOR CYCLE SPARES\
MC00185,TAIL LIGHT BASE ASSY. 17F - 84520 -00,0,0,PC,0,L3,MOTOR CYCLE SPARES\
MC00186,TAIL LIGHTUNIT ASSY.,0,1434.18,PC,0,L3,MOTOR CYCLE SPARES\
MC00187,TAIL LAMP BULB,6,1334.74,PC,2,L3,MOTOR CYCLE SPARES\
MC00188,TENSIONER 2N - 22178 - 00,1,1252.8,PC,0,L3,MOTOR CYCLE SPARES\
MC00189,TENSION SPRINGS - 90508 - 35850,2,165,PC,1,L3,MOTOR CYCLE SPARES\
MC00190,THROTTLE ACCERATION,0,150,PC,0,L3,MOTOR CYCLE SPARES\
MC00191,THROTTLE CABLE DT 125,0,792.62,PC,1,L3,MOTOR CYCLE SPARES\
MC00192,THROTTLE CABLE/ METER CABLE  YAMAHA CRUX,0,200,PC,0,L3,MOTOR CYCLE SPARES\
MC00193,THROTTLE VALVE 314 - 14112 - 25,0,0,PC,0,L3,MOTOR CYCLE SPARES\
MC00194A,TIMING CHAIN YAMAHA CRUX,0,936.1,PC,0,L3,MOTOR CYCLE SPARES\
MC00194B,TIMING CHAIN ROLLERS,0,300,PC,0,L3,MOTOR CYCLE SPARES\
MC00194C,TIMING CHAIN 144011-KYY-90 HONDA,0,450,PC,1,LC,MOTOR CYCLE SPARES\
MC00195,TORSION SPRING - 9050826450,7,287.1,PC,3,L3,MOTOR CYCLE SPARES\
MC00196,TUBE 275 X 18 YBR / CRUX,0,350,PC,2,L3,MOTOR CYCLE SPARES\
MC00197,TUBE 500 X 12 TUK TUK,0,800,PC,2,L3,MOTOR CYCLE SPARES\
MC00198,TUK - TUK HS - 200TR -F1,0,214300,PC,0,L3,MOTOR CYCLE SPARES\
MC00199,TYRE 275 X 18  / 300 X 18,0,3999.68,PC,1,L3,MOTOR CYCLE SPARES\
MC00200,TYRE 410 X 18 REAR,2,9223.74,PC,1,L3,MOTOR CYCLE SPARES\
MC00201,TYRE 500 X 12 TUK TUK,0,3567,PC,1,L3,MOTOR CYCLE SPARES\
MC00202,VOLTAGE REGULATOR,1,8304.44,PC,1,L3,MOTOR CYCLE SPARES\
MC00203A,WIRE HAERDNESS - ASSY 18G - 82590 -00,0,0,SET,0,L3,MOTOR CYCLE SPARES\
MC00203B,WIRE\,THROTTLE 2,1,443.88,PC,0,L3,MOTOR CYCLE SPARES\
MC00203B,WHEEL RIM/ TRYE TUKTUK,0,6750,PC,0,L3,MOTOR CYCLE SPARES\
MC00204,YAMAHA BIKEDT125/YBR 125,0,180000,PC,0,L3,MOTOR CYCLE SPARES\
ST001,ANALYSIS BOOK,1,620,PC,1,L5,STATIONARY \
ST002,ANT - VIRUS  KASPERSKY,1,1500,PC,1,L5,STATIONARY \
ST003,ASSETS REGISTER,1,300,PC,1,L5,STATIONARY \
ST004,AUTOMATIC NUMBERING MACHINE,1,3900,PC,1,DR6,STATIONARY \
ST005,BLACK BIC BALL FINE POINT PEN,30,20,PC,20,DR6,STATIONARY \
ST006,BLUE BIC BALL FINE POINT PEN,0,20,PC,20,DR6,STATIONARY \
ST007,BLUE/BLACK PEN,29,12.5,PC,0,DR6,STATIONARY \
ST008,BOX FILE FULL,20,125,PC,10,L5,STATIONARY \
ST009,BY - LAWS  LAKWA,128,100,PC,0,DR6,STATIONARY \
ST0010,CALCULATOR - CASIO DJ - 120,0,1300,PC,1,DR9,STATIONARY \
ST0011,CASIO WATCH WATER RESISTANCE,0,150,PC,0,DR6,STATIONARY \
ST0012,CALCULATOR PRINTING ROLLS,13,20,ROLL,0,DR9,STATIONARY \
ST0013,CARBON PAPER 205 HAND FILM,2,1670,REAM,1,L5,STATIONARY \
ST0014,CASH BOOK 1 QUIRE,3,130,PC,4,L5,STATIONARY \
ST0015,CASH BOOK 2 QUIRE,7,205,PC,4,L5,STATIONARY \
ST0016,CASH REQUEST OFFICE BOOK,13,170,PC,6,L5,STATIONARY \
ST0017,CELL TAPE 1,0,20,ROLL,0,DR6,STATIONARY \
ST0018,COMPUTURE DUST COVER,0,100,PC,0,DR9,STATIONARY \
ST0019,COMPANY SEAL,0,4640,PC,0,A/C OFFICE,STATIONARY \
ST0020,COMPUS AND DIVIDE,1,150,SET,0,DR9,STATIONARY \
ST0021,CORRECTION PEN,2,70,PC,3,DR6,STATIONARY \
ST0022,COLOURED INK REFILL H.P DESKJET,0,900,PC,0,DR6,STATIONARY \
ST0023,COUNTER BOOK  1QUIRE,10,70,PC,6,L5,STATIONARY \
ST0024,COUNTER BOOK  2QUIRE,11,105,PC,6,L5,STATIONARY \
ST0025A,DAILY WORK TICKET,6,11.2,PC,10,,STATIONARY \
ST0025B,DIARIES,1,105,PC,0,,STATIONARY \
ST0025C,DCB SHEETS,15,15.8,PC,0,DR2,STATIONARY \
ST0026,DOCUMENT BAG  PVC,1,45,PC,2,L5,STATIONARY \
ST0027,DOUBLE CLIP BOARD,0,75,PC,0,DR9,STATIONARY \
ST0028,DUPLICATE BOOK,0,0,PC,0,L5,STATIONARY \
ST0029,DUPLICATING PAPER,3,240,REAM,0,DR2,STATIONARY \
ST0030,DUST LESS CHALK,1,70,BOX,0,DR9,STATIONARY \
ST0031,DVD REWRITER LG MODEL  GH22NP20,0,4000,PC,0,L5,STATIONARY \
ST0032,ERASER RB 40,37,19.5,PC,2,DR9,STATIONARY \
ST0033,ENGLISH READERS DICTIONARY PC,0,819,,0,DR9,STATIONARY \
ST0034,ENGLISH POCKET DICTIONARY,1,400,PC,0,L5,STATIONARY \
ST0035,ENVELOPE 6 X 4,0,2,PC,50,L5,STATIONARY \
ST0036,ENVELOPE A4,70,2.6,PC,50,L5,STATIONARY \
ST0037,ENVELOPE C5,3,5,PC,50,L5,STATIONARY \
ST0038,EXCUTIVE PEN,1,50,PC,0,DR6,STATIONARY \
ST0039,EXERCISE BOOK 96 PAGES,0,20,PC,0,DR6,STATIONARY \
ST0040,FILE FASTENERS,0,480,SET,0,L5,STATIONARY \
ST0041,FLASH DISK 1GB/8GB,1,1200,PC,0,DR9,STATIONARY \
ST0042,GATE PASS BOOK,11,225,PC,4,DR6,STATIONARY \
ST0043,GLUE STICK 10GM PRITT,0,0,PC,0,DR9,STATIONARY \
ST0044,GOOD DELIVERY NOTE BOOK,1,160,PC,0,DR6,STATIONARY \
ST0045,GOODS RECEIVED NOTES GRN,1,195,PC,4,DR8,STATIONARY \
ST0046,GOOD RETURNED INWARD NOTE SRU,6,160,PC,2,DR2,STATIONARY \
ST0047,HALF BOX FILE,5,125,PC,6,L5,STATIONARY \
ST0048,HARD COVER BOOK 200GMS,0,70,PC,0,DR6,STATIONARY \
ST0049,HP DESKTOP,0,68500,PC,0,,STATIONARY \
ST0050,HP DESKJET CARTRIDGE  BLACK,2,1800,PC,0,DR6,STATIONARY \
ST0051,HP ADAPTOR FOR F2280 PRINTER,1,2500,PC,0,DR2,STATIONARY \
ST0052,HP.PRO. BOOK 43405 NOTEBOOK,0,85000,PC,0,,STATIONARY \
ST0053,HP DESKJET CARTRIDGE  COLOUR,3,2160,PC,0,DR6,STATIONARY \
ST0054,INK BOTTLE REFILL BLACK,1,1800,PC,0,DR6,STATIONARY \
ST0055,LEDGER BOOKS,1,133.5,PC,0,L5,STATIONARY \
ST0056,LOCAL SERVICE ORDER L.S.O,9,250,PC,3,L5,STATIONARY \
ST0057,LOCAL PURCHASE ORDER L.PO,8,250,PC,3,L5,STATIONARY \
ST0058,LOOSE LEAF PAD A4,15,65,PC,4,L5,STATIONARY \
ST0059A,MAKER PEN REFILL  BLACK,0,0,PC,0,DR10,STATIONARY \
ST0059B,MAILING TUBE 36",3,200,PC,0,,STATIONARY \
ST0060,MANILLA PAPERS,0,25,PC,0,DR10,STATIONARY \
ST0061,MARKERPEN SNOWMAN,8,120,PC,4,DR6,STATIONARY \
ST0062,MASKING TAPE 1,11,52.5,PC,2,DR9,STATIONARY \
ST0063,METER READING BOOK,21,170,PC,6,L5,STATIONARY \
ST0064,MODEM  SAFARICOM/ZAIN,0,4249,PC,0,DR9,STATIONARY \
ST0065,MOUSE PAD,0,1000,PC,0,DR9,STATIONARY \
ST0066,MEMORY CARD  1\,2 AND 3 GB,0,700,PC,0,DR9,STATIONARY \
ST0067,MUSTER ROLL  1 QUIRE,1,252,PC,0,L5,STATIONARY \
ST0068,OFFICE GLUE 90GM,3,20,PC,0,DR9,STATIONARY \
ST0069,OFFICE PIN,1,30,BOX,0,DR6,STATIONARY \
ST0070,PACKAGING TAPE,0,75,PC,0,DR6,STATIONARY \
ST0071,PAPER PUNCH,0,115,PC,0,DR9,STATIONARY \
ST0072,PAPER CLIPS OFFICE,2,15,PC,3,DR12,STATIONARY \
ST0073,PAYMENT VOUCHER,19,270,PC,12,L5,STATIONARY \
ST0074,PENCILS LEADS - FOR DRAWING PEN - 0.3MM,1,45,PC,0,DR9,STATIONARY \
ST0075,PENCIL STAEDLER HB,2,25,PC,5,DR6,STATIONARY \
ST0076,PELIKAN DRAWING INK BLACK,1,100,PC,0,DR9,STATIONARY \
ST0077,PETTY CASH VOUCHER A6,0,13.33,PC,0,DR9,STATIONARY \
ST0078,PETTY CASH VOUCHER A5,0,12.66,PC,0,DR9,STATIONARY \
ST0079,PLASTIC RULER HACO,2,30,PC,0,DR9,STATIONARY \
ST0080,PHOTOCOPY PAPER,7,330,REAM,6,L5,STATIONARY \
ST0081,POCKET FILE FOLDER DOUBLE,0,35,PC,0,DR2,STATIONARY \
ST0082,POCKET FILE FOLDER SINGLE,0,35,PC,0,DR2,STATIONARY \
ST0083,PLASTIC OFFICE TRAY,0,405,PC,0,DR2,STATIONARY \
ST0084,PRINTER,0,27000,PC,0,W1,STATIONARY \
ST0085,PUSH PIN,0,50,PC,1,DR12,STATIONARY \
ST0086,RECEIPT BOOK,70,225,PC,6,DR12,STATIONARY \
ST0087,RED BIRO PEN,0,20,PC,0,DR6,STATIONARY \
ST0088,RED BIC FINE POINT PEN,7,25,PC,10,DR6,STATIONARY \
ST0089,RULED PAPERS A4,0,380,REAM,2,L5,STATIONARY \
ST0090,RUBBER WOODEN STAMP,2,300,PC,0,DR12,STATIONARY \
ST0091,RUBBER BAND,0,150,PKT,0,DR6,STATIONARY \
ST0092,SCHOOL BACK PACK BAG,1,900,PC,0,L5,STATIONARY \
ST0093,STAMP INK BLUE 30 ML,0,150,BOX,0,DR6,STATIONARY \
ST0094,SELF INK PAD,0,1775,PC,0,DR6,STATIONARY \
ST0095,SELF INKING RUBBER STAMP,1,800,PC,0,DR6,STATIONARY \
ST0096,SHORT HARD NOTE BOOK,5,24.16,PC,0,L5,STATIONARY \
ST0097,SALARY PAYMENT ADVICE BOOK,10,195,PC,6,DR6,STATIONARY \
ST0098,SALARY VOUCHER BOOK,2,160,PC,0,DR6,STATIONARY \
ST0099,STAMP PAD KOFA,2,150,PC,0,DR12,STATIONARY \
ST00100,STENSILS,5,200,PC,0,DR8,STATIONARY \
ST00101,SPRING FILE UPVC,0,60,PC,0,DR2,STATIONARY \
ST00102,STAPLE DS -4S TYPE KANGAROO  NO. 384556,0,1850,PC,0,DR6,STATIONARY \
ST00103,STAPLES PINS,0,25,BOX,0,DR9,STATIONARY \
ST00104,STAPLE REMOVAL,3,40,PC,0,DR12,STATIONARY \
ST00105,STENSIL INK,3,0,BOTTLE,0,DR9,STATIONARY \
ST00106,STOP WATCH,0,0,PC,0,DR12,STATIONARY \
ST00107,STOCK CARD A4,695,10,PC,100,L5,STATIONARY \
ST00108,STORE LEDGER BOOK,2,300,PC,0,L5,STATIONARY \
ST00109,STORE ISSUE NOTE,14,225,PC,0,L5,STATIONARY \
ST00110,STORE PURCHASE REQUESTATION,18,230,PC,0,,STATIONARY \
ST00111,SUPER WOOFER SYSTEM AMPEX AX 575MS,0,4000,PC,0,L5,STATIONARY \
ST00112,SUSPENSON FILE UPVC,45,56.25,PC,0,,STATIONARY \
ST00113,SURVEY BOOK COLLIMATION,4,250,PC,0,,STATIONARY \
ST00114,TFT SERIES DISPLAY T.S S/NO. A520311619,0,13500,PC,0,DR12,STATIONARY \
ST00115,TRACING PAPERS,0,0,ROLL,0,DR9,STATIONARY \
ST00116,TRACING PEN - NO.8,0,0,SET,0,DR9,STATIONARY \
ST00117,TONER PRINTING CARTRIDGE 78A/85A/126A,11,6500,PC,2,DR13,STATIONARY \
ST00118,TRIPLICATE BOOK,1,100,PC,6,L5,STATIONARY \
ST00119,THUMB TACK PIN,5,15,BOX,3,DR12,STATIONARY \
ST00120,UPS BATTREY 12V/9AH,0,7300,PC,0,E6,STATIONARY \
ST00121,USB CABLE 2.0 3M S-TEK,1,200,PC,1,DR2,STATIONARY \
ST00122,WATER BILL BOOK,112,225,PC,12,L5,STATIONARY \
ST00123,WHITE OUT,0,100,PC,0,DR9,STATIONARY \
ST00124,WATER CONSUMPTION DATA BOOK,21,170,PC,6,L5,STATIONARY \
ST00125,WALL CLOCK,0,950,PC,0,L5,STATIONARY \
ST 00126,VISITORS BOOK,0,500,PC,0,D19,STATIONARY \
ST00127,WHITE BOARD 6 X4\,8 X 4,0,6689,PC,0,L5,STATIONARY \
ST00128,WHITE BOARD ERASER,0,235,PC,0,L5,STATIONARY \
ST00129,WHITE BOARD MARKER PEN,10,157,PC,0,L5,STATIONARY \
ST00130,YELLOW STICKER PAD 3 X 3,0,38,PC,3,DR6,STATIONARY \
GL0001,ACETONE,0,80,GMS,0,DR5,GENERAL HARDWARE\
GL002,ALDROP 12,0,540,PC,0,DR13,GENERAL HARDWARE\
GL003,ALLEN KEYS,1,0,SET,0,DR11,GENERAL HARDWARE\
GL004,ALLUMUNIUM FOILED INSULATING BOARDS,17,0,PC,0,BOMANI,GENERAL HARDWARE\
GL005,ANCHOR BITS 3/4,1,85,PC,0,DR11,GENERAL HARDWARE\
GL006,ANGLE IRON BAR 1 X1X 1,0,192,PC,0,PYI,GENERAL HARDWARE\
GL007,ANGLE IRON BAR 3 X6,1.6,833.33,MTR,0,PYI,GENERAL HARDWARE\
GL008,ANT - RUST SPRAY - WD 40,0,250,CAN,0,DR20,GENERAL HARDWARE\
GL009,ASBESTOS CAPS,291,10,PC,0,B6,GENERAL HARDWARE\
GL0010,ASBESTOS SHEETS 2.0MTRS,19,1840,PC,0,L5,GENERAL HARDWARE\
GL00011,ASBESTOS SHEETS 2.5MTRS,32,2250,PC,0,L5,GENERAL HARDWARE\
GL0012,ASBESTOS SHEETS 3.0MTRS,3,2660,PC,0,L5,GENERAL HARDWARE\
GL0013,ASBESTOS NAILS 7M X 120MM - 4.75,327,14,PC,0,B6,GENERAL HARDWARE\
GL0014,ASBESTOS  RIDGES,11,1210,PC,0,L5,GENERAL HARDWARE\
GL0015,ASSORTED BOLT AND NUT PUMP SPARES,3,0,PC,0,BOX M,GENERAL HARDWARE\
GL0016,ARALDITE 2X17MLS,1,0,PC,0,DR11,GENERAL HARDWARE\
GL0017,ARTISAN BRUSHES,7,0,PC,0,DR11,GENERAL HARDWARE\
GL0018,AXE 2.5 POUND,0,600,PC,0,,GENERAL HARDWARE\
GL0019,BALLAST,6,3000,TON,0,Y/STORE,GENERAL HARDWARE\
GL0020,BAR SOAP,4,70.83,BAR,0,E7,GENERAL HARDWARE\
GL0021,BARBED WIRE,0,5150,ROLL,1,L1,GENERAL HARDWARE\
GL0022,BARBED WIRE NAILS,12.5,180,KG,2,G4,GENERAL HARDWARE\
GL0023,BATTERY WATER,1,60,LTR,1,G3,GENERAL HARDWARE\
GL0024,BATTREY ACID,2,80,LTR,1,G3,GENERAL HARDWARE\
GL0025,BATTERY BACK UP UPS APC,0,0,PC,0,,GENERAL HARDWARE\
GL0026,BATTERY CHARGER  FOR PHONE,0,50,PC,0,,GENERAL HARDWARE\
GL0027,BATTERY SIZE AA,1,50,PC,2,DR5,GENERAL HARDWARE\
GL0028,BATTERY SIZE C,0,30,PC,0,DR5,GENERAL HARDWARE\
GL0029,BATTERY SIZE D,0,35,PC,0,DR5,GENERAL HARDWARE\
GL0030,BATTERY  FOR SAGEM PHONE,0,0,PC,0,DR5,GENERAL HARDWARE\
GL0031,BLACK HOSE PIPE 3/4,1,2601.72,ROLL,0,D6,GENERAL HARDWARE\
GL0032,BELT BAGS,0,0,PC,0,DR10,GENERAL HARDWARE\
GL0033,BERMUNDA BLUE PAINT,0,130,LTR,0,D4,GENERAL HARDWARE\
GL0034,BLACK BOARD PAINT,0,0,LTR,0,D4,GENERAL HARDWARE\
GL0035,BLACK LINNING MATERIAL,2,100,MTR,0,DR10,GENERAL HARDWARE\
GL0036,BLACK POLYTHENE PAPER,0,0,MTR,0,F2,GENERAL HARDWARE\
GL0037,BLUE UNIFORM MATERIAL,0,0,MTR,0,DR5,GENERAL HARDWARE\
GL0038,BINDING WIRE,0,150,KG,0,,GENERAL HARDWARE\
GL0039,BRASS RINGS L - 102215,6,0,PC,0,BOXM,GENERAL HARDWARE\
GL0040,BOLT AND NUTS 6 X 50 PUMP SPARES,8,0,PC,0,BOXM,GENERAL HARDWARE\
GL0041,BLOWER,0,0,PC,0,DR15,GENERAL HARDWARE\
GL0042,BOLT AND NUTS M7,0,0,PC,0,BOXM,GENERAL HARDWARE\
GL0043,BOLT NO. 13,7,25,PC,0,DR20,GENERAL HARDWARE\
GL0044,BOLT AND NUT 35 X 15MM,10,0,PC,0,DR20,GENERAL HARDWARE\
GL0045,BOLT AND NUT M12 X 150MM,42,174,PC,0,,GENERAL HARDWARE\
GL0046,BOLT AND NUT 50X 10MM,4,0,PC,0,DR20,GENERAL HARDWARE\
GL0047,BOLT AND NUT 50X 15MM 24",4,0,PC,0,E3,GENERAL HARDWARE\
GL0048,BOLT AND NUTS 65 X 15 HALF THREAD,50,85,PC,0,E7,GENERAL HARDWARE\
GL0049,BOLT AND NUTS 65 X 15 FULL THREAD,154,27,PC,24,E3,GENERAL HARDWARE\
GL0050,BOLT AND NUT 65 X 20,36,50,PC,0,E7,GENERAL HARDWARE\
GL0051,BOLT AND NUT 60 X10,15,0,PC,0,DR20,GENERAL HARDWARE\
GL0052,BOLT AND NUT 60 X20,105,0,PC,0,E7,GENERAL HARDWARE\
GL0053,BOLT AND NUT  IMPORTED 90 X 15,1,0,PC,0,DR20,GENERAL HARDWARE\
GL0054,BOLT WASHER 20 X 80,226,0,PC,0,L3,GENERAL HARDWARE\
GL0055,BONDEX BUTIMUNIUS 500GM,0,150,PC,0,DR5,GENERAL HARDWARE\
GL0056,BOW AND ARROW,0,100,PC,0,DR6,GENERAL HARDWARE\
GL0057,BRACE RATCHET STANLEY 02 -151-144MKV,0,4582,PC,0,DR3,GENERAL HARDWARE\
GL0058,BOX PULLERS,0,30,PC,0,DR13,GENERAL HARDWARE\
GL0059,BUILDING BLOCK,119,36,PC,0,Y/STORE,GENERAL HARDWARE\
GL0060,BUTT HINGE 3,0,10,PC,0,DR20,GENERAL HARDWARE\
GL0061,BUTT HINGE 4 BRASS,2,125,PC,0,DR13,GENERAL HARDWARE\
GL0062,CAN SPRAY PAINT,0,250,PC,0,B6,GENERAL HARDWARE\
GL0063,CARPET,3,150,MTR,0,L5,GENERAL HARDWARE\
GL0064,CASURINA,0,150,PC,0,PYI,GENERAL HARDWARE\
GL0065,CEMENT,4,700,BAG,0,GEN/ST,GENERAL HARDWARE\
GL0066,CEILING NAILS,0.25,50,KG,0,DR10,GENERAL HARDWARE\
GL0067,CHAIN LINK 6FT X 18MTR,0,7100,ROLL,0,Y/STORE,GENERAL HARDWARE\
GL0068,CLEAR VARNISH,0,0,LTR,0,,GENERAL HARDWARE\
GL0069,CHICKEN MESH WIRE,2,1400,ROLL,0,G2,GENERAL HARDWARE\
GL0070,COFFEE TRAY WIRE,4.75,3500,ROLL,0,G2,GENERAL HARDWARE\
GL0071,CHAIN PULLEY BLOCK 3.1 X 3MTS JAPAN,1,46150,PC,0,W1,GENERAL HARDWARE\
GL0072,CLAW HAMMER JACK,0,1500,PC,0,,GENERAL HARDWARE\
GL0073,COIN BAG,0,50,PC,0,,GENERAL HARDWARE\
GL0074,COMPUTER CABLE SA16A,0,0,PC,0,G3,GENERAL HARDWARE\
GL0075,CONCRETE NAILS 1 1/2,1,7.5,PC,0,DR20,GENERAL HARDWARE\
GL0076,CONTACT ADHESIVE 100ML  TOUGH BOND,0,130,PC,0,DR9,GENERAL HARDWARE\
GL0077,COTTON TAPE,1,110,PC,0,DR9,GENERAL HARDWARE\
GL0078,COOLING AIR VAN,0,4500,PC,0,,GENERAL HARDWARE\
GL0079,DARK OAK VARNISH,0,0,LTR,0,D5,GENERAL HARDWARE\
GL0080,DEAD LOCK,3,4625,PC,0,DR13,GENERAL HARDWARE\
GL0081,DETERGENT,58,90,PC,5,BOX E,GENERAL HARDWARE\
GL0082,DIE STOCK LOCKER,1,4800,PC,0,F1,GENERAL HARDWARE\
GL0083,DISTEMPER - WHITE PAINT,2,75,PC,0,D4,GENERAL HARDWARE\
GL0084,DIE STOCK 1/2 X 2,0,80000,PC,0,DR11,GENERAL HARDWARE\
GL0085,DISINFECTANT,0,120,LTR,0,L6,GENERAL HARDWARE\
GL0086,DOOM SPRAY 180ML,0,350,PC,0,DR12,GENERAL HARDWARE\
GL0087,DOOR HINGE  2,0,15,PC,0,DR13,GENERAL HARDWARE\
GL0088,DOOR FRAME,1,930,PC,0,C/STORE,GENERAL HARDWARE\
GL0089,DISTILLED WATER,1,60,PC,0,G3,GENERAL HARDWARE\
GL0090,DRILL BIT 23/32,1,600,PC,0,DR11,GENERAL HARDWARE\
GL0091,DUCTILE BLUE PAINT,1,300,LTR,0,D4,GENERAL HARDWARE\
GL0092,DUST COAT BLUE/WHITE,0,1100,PC,0,L5,GENERAL HARDWARE\
GL0093,DUST BIN PLASTIC,0,299,PC,0,L5,GENERAL HARDWARE\
GL0094,DUST MASK,0,20,PC,0,,GENERAL HARDWARE\
GL0095,ELECTRICAL INSULATING VARNISH,1,769,LTR,0,D4,GENERAL HARDWARE\
GL0096,EMARY CLOTH NO. 3,0,15,PC,0,DR12,GENERAL HARDWARE\
GL0097,EMPTY CHLORINE BUCKET,49,0,PC,0,C/STORE,GENERAL HARDWARE\
GL0098,EXTRUDED POLYSTYRENE BOARD,98,0,PC,0,BOMANI,GENERAL HARDWARE\
GL0099,FILE NO.8,0,15,PC,0,DR11,GENERAL HARDWARE\
GL00100,FLOAT VALVE CISTERN,0,250,PC,0,,GENERAL HARDWARE\
GL00101,FOOT PUMP,0,150,PC,0,,GENERAL HARDWARE\
GL00102,EXPANDING WIRE,0,0,PC,0,L1,GENERAL HARDWARE\
GL00103,FENCING POST,414,100,PC,0,Y/STORE,GENERAL HARDWARE\
GL00104,GLOSS ALLUMINUM PAINT,0,0,PC,0,D4,GENERAL HARDWARE\
GL00105,GLASS COATED STEEL PANNEL 8FT X 4FT,4,0,PC,0,BOMANI,GENERAL HARDWARE\
GL00106,GUM BOOT NO.,0,1200,PAIR,0,L5,GENERAL HARDWARE\
GL00107,HARDENER,0,0,GMS,0,DR12,GENERAL HARDWARE\
GL00108,GLOSS BLACK PAINT,1,230,LTR,0,DR4,GENERAL HARDWARE\
GL00109,GLOSS CREAM PAINT,4,175,LTR,0,D4,GENERAL HARDWARE\
GL00110,GLOSS WHITE PAINT,0,0,LTR,0,D4,GENERAL HARDWARE\
GL00111,GLOSS BLUE PAINT,0,300,LTR,0,,GENERAL HARDWARE\
GL00112,G.I BOLT AND NUT  20MM X 70MM SIZE 24 FULL THREAD,90,0,PC,0,BOX N,GENERAL HARDWARE\
GL00113,G.I BOLT AND NUT 20MM X 75MM,25,0,PC,0,BOX N,GENERAL HARDWARE\
GL00114,G.I BOLT AND NUT 20MM X 80MM SIZE 30,508,0,PC,0,BOX N,GENERAL HARDWARE\
GL00115,GRADITOR  ANT - TERMITE SPRAY,0,750,PC,0,DR12,GENERAL HARDWARE\
GL00116,HADRCORE,0,0,TON,0,Y/STORE,GENERAL HARDWARE\
GL00117,HARD BROOM,0,125,PC,0,G3,GENERAL HARDWARE\
GL00118,HAND PUMP CONNECTOR,0,0,PC,0,DR13,GENERAL HARDWARE\
GL00119,HERBCIDE  ROUND UP,1,900,LTR,0,DR12,GENERAL HARDWARE\
GL00120,HYDRAULIC JACK 2 TON,0,1310,PC,0,,GENERAL HARDWARE\
GL00121,HASPAND STAPLE,0,20,PC,0,DR13,GENERAL HARDWARE\
GL00122,HAND SAW,2,400,PC,0,,GENERAL HARDWARE\
GL00123,INDUSTRIAL LEATHER BOOTS,0,2500,PAIR,0,L5,GENERAL HARDWARE\
GL00124,IRON SHEET 2 1/2 M - G28,20,977.01,PC,0,L5,GENERAL HARDWARE\
GL00125,IRON SHEETS G30 X 3MTS,16.5,750,PC,0,L5,GENERAL HARDWARE\
GL00126A,IRON SHEET 2  M - G30,0,600,PC,0,L5,GENERAL HARDWARE\
GL00126B,IRON SHEET RIDGE - G30,0,200,PC,0,,GENERAL HARDWARE\
GL00127,JEMBE,0,400,PC,0,,GENERAL HARDWARE\
GL00128,KAUNDA SUIT,0,1600,PAIR,0,DR5,GENERAL HARDWARE\
GL00129,KITCHEN SCALE,0,1035,PC,0,DR5,GENERAL HARDWARE\
GL00130,LAGOON  BLUE PAINT,0,0,LTR,0,D4,GENERAL HARDWARE\
GL00131,LATCHES 12,1,350,PC,0,DR20,GENERAL HARDWARE\
GL00132,LIME,0,0,KG,0,BOMANI,GENERAL HARDWARE\
GL00133,LEATHERGLOVES,0,200,PC,0,L5,GENERAL HARDWARE\
GL00134,LOUVER  FRAME 4,3,300,PC,0,G3,GENERAL HARDWARE\
GL00135,LOUVER  FRAME 6,2,352,PC,0,G3,GENERAL HARDWARE\
GL00136,LOUVER  FRAME 8,3,270,PC,810,G3,GENERAL HARDWARE\
GL00137,LOUVER  FRAME 10,20,400,PC,0,E5,GENERAL HARDWARE\
GL00138,MAKUTI,0,15,PC,0,Y/STORE,GENERAL HARDWARE\
GL00139,MAT,0,0,PC,0,E4,GENERAL HARDWARE\
GL00140,MASON STRING NYLON,0,60,PC,0,,GENERAL HARDWARE\
GL00141,METHYLATED SPIRIT,0,0,LTR,0,DR12,GENERAL HARDWARE\
GL00142,MICROPHONE MIC,0,1600,PC,0,W1,GENERAL HARDWARE\
GL00143,MILD STEELPLATE  3MM X 8 4 X 6,4,5740,PC,0,Y/STORE,GENERAL HARDWARE\
GL00144,MILD STEEL PLAT 4MM X E 8 X 4 X 6,0.25,4500,PC,0,,GENERAL HARDWARE\
GL00145,MILK U.H.T 500ML,24,55.83,PKT,0,,GENERAL HARDWARE\
GL00146,MOBILE PHONE STRING,0,30,PC,0,,GENERAL HARDWARE\
GL00147,MOBILE PHONE LG GS 108 IMEI 359034-03-483418-0,0,2500,PC,0,,GENERAL HARDWARE\
GL00148,MOBER BUCKET PLASTICK,0,280,PC,0,L5,GENERAL HARDWARE\
GL00149,FLOOR MOPPER,0,500,PC,0,L5,GENERAL HARDWARE\
GL00150,MORTAR BASIN FUNDI,0,200,PC,0,L5,GENERAL HARDWARE\
GL00151,MOSQUITO GUAUSING,4.75,700,ROL,0,G2,GENERAL HARDWARE\
GL00152,MOSQUITO REPELENT JELLY 100GM,0,99,PC,0,DR6,GENERAL HARDWARE\
GL00153,MOTOROLA C 118 PHONE,1,2200,PC,0,DR10,GENERAL HARDWARE\
GL00154,MOTOROLA C115 CHARGER -,0,200,PC,0,L5,GENERAL HARDWARE\
GL00155,MURRAM,0,1200,TON,0,,GENERAL HARDWARE\
GL00156,NOKIA 1600/1100/ETI,1,9100,PC,0,L5,GENERAL HARDWARE\
GL00157,NOKIA 1100 PHONE,1,0,PC,0,L5,GENERAL HARDWARE\
GL00158,NYLON STRING,0,0,PC,0,L5,GENERAL HARDWARE\
GL00159,NYLON ROPE 3/4 ``,0,40,PC,0,L5,GENERAL HARDWARE\
GL00160,OMO WASHING POWDER,0,36.66,PC,0,L5,GENERAL HARDWARE\
GL00161,OVERALL XL,0,500,PC,0,L5,GENERAL HARDWARE\
GL00162,PADLOCK NO. 263,1,250,PC,0,DR6,GENERAL HARDWARE\
GL00163,PADLOCK NO. 265 TRICIRCLE,12,410,PC,0,DR12,GENERAL HARDWARE\
GL00164,PADLOCK TRY CIRCLE NO 285,0,0,PC,0,DR12,GENERAL HARDWARE\
GL00165,PAINTING BRUSH 1,0,40,PC,0,DR6,GENERAL HARDWARE\
GL00166,PAINTING BRUSH 3``,2,50,PC,0,DR12,GENERAL HARDWARE\
GL00167,PAINTING BRASH 5``,0,130,PC,0,DR 10,GENERAL HARDWARE\
GL00168,PANGA,0,250,PC,0,,GENERAL HARDWARE\
GL00169,PAPER PLATES,150,5,PC,0,DR11,GENERAL HARDWARE\
GL00170,PLASTIC DRUM 200 KTRS,0,1550,PC,0,C/OFFICE,GENERAL HARDWARE\
GL00171,PLASTICK PLATES,0,6.2,PC,0,DR12,GENERAL HARDWARE\
GL00172,PLYWOOD PIECES 23`` X 17``,0,7,PC,0,F2,GENERAL HARDWARE\
GL00173,PLY WOOD 1/8,2,650,PC,0,F2,GENERAL HARDWARE\
GL00174,PLYWOOD PIECES 30`` X 20``,6,0,PC,0,F2,GENERAL HARDWARE\
GL00175,POLYTHENE BAGS V22,1,80,PC,0,L5,GENERAL HARDWARE\
GL00176,PVC HAND GLOVES,2,696,PC,0,G1,GENERAL HARDWARE\
GL00177,RECORD HINGED PIPE VICE,0,8874,PC,0,,GENERAL HARDWARE\
GL00178,RESPIRATOR WITH CATRIDGE,0,522,PC,0,DR12,GENERAL HARDWARE\
GL00179,RAKE,0,180,PC,0,,GENERAL HARDWARE\
GL00180,PVC RAIN COAT,0,1200,PC,0,L5,GENERAL HARDWARE\
GL00181,RING SPANNER 15- 14 AND 13-12\, 18X19MM,3,1212,PC,0,DR10,GENERAL HARDWARE\
GL00182,RED OXIDE - GLOSS PAINT,0,300,PC,0,B4,GENERAL HARDWARE\
GL00183,ROOFING BOLTS 2``,0,6,PC,0,B4,GENERAL HARDWARE\
GL00184,ROOFING BOLTS 3``,0,0,PC,0,B4,GENERAL HARDWARE\
GL00185A,ROOFING NAILS,3.75,150,PC,0,B4,GENERAL HARDWARE\
GL00185B,ROOFING WASHERS,0,150,BOX,0,,GENERAL HARDWARE\
GL00186,SAND,20.9,555,TON,0,Y/STORE,GENERAL HARDWARE\
GL00187,SAND PAPER,0,20,PC,0,DR10,GENERAL HARDWARE\
GL00188,SCEW 1`` X 5``,0,0,PC,0,,GENERAL HARDWARE\
GL00189,SCREW DRIVER STAR,0,80,PC,0,,GENERAL HARDWARE\
GL00190,SECURITY GUARD LEATHER BOOTS,0,1530,PC,0,,GENERAL HARDWARE\
GL00191,SHAFT NUTS L-37025,2,0,PC,0,BOX M,GENERAL HARDWARE\
GL00192,SHOE TACKS,50,20,GMS,0,,GENERAL HARDWARE\
GL00193,SHUTTERS DOOR FRAME,3,4700,PCS,0,,GENERAL HARDWARE\
GL00194,SMALL DIGITAL SAFE 12``X8``X8``,1,9000,PC,0,,GENERAL HARDWARE\
GL00195,SILICON SEALANT,0,100,PC,0,,GENERAL HARDWARE\
GL00196,SISAL STRING,0,150,ROLL,0,,GENERAL HARDWARE\
GL00197,SLASHER,0,180,PC,0,,GENERAL HARDWARE\
GL00198,SPARN YARN,0.25,200,KG,0,,GENERAL HARDWARE\
GL00199,SLEDGE HAMMER 12LBS,1,1000,PC,0,,GENERAL HARDWARE\
GL00200,SOCKET SPANNER NO. 19 KSH 609 AND 24 KSH 696,2,1983.6,PC,0,,GENERAL HARDWARE\
GL00201,SOCKET M 26 BOX,1,800.4,PC,0,,GENERAL HARDWARE\
GL00202,SOCKET SPANNER T/HANDLE,2,1322.4,PC,0,,GENERAL HARDWARE\
GL00203,SPADE,0,450,PC,0,,GENERAL HARDWARE\
GL00203,SPIRAL HOT PLATE COOKER RM/250 RANTON,0,2495,PC,0,,GENERAL HARDWARE\
GL00204,SPRAY PAINT BLUE,1,200,PC,0,,GENERAL HARDWARE\
GL00205,SPRAY PAINT BLACK/WHITE,0,300,PC,0,,GENERAL HARDWARE\
GL00206,SPRAY PAIN CHROME,0,220,PC,0,,GENERAL HARDWARE\
GL00207,SPRAY PAINT GOLD,0,300,PC,0,,GENERAL HARDWARE\
GL00208,SPRAY PAINT WHITE,0,500,PC,0,,GENERAL HARDWARE\
GL00209,SPRAY PAINT RED,0,200,PC,0,,GENERAL HARDWARE\
GL00210,SPRINGS L-108803 WATER PUMP,9,0,PC,0,,GENERAL HARDWARE\
GL00211,SOFT BROOM/HANDLE,0,185,PC,0,,GENERAL HARDWARE\
GL00212,STAIN AND RUST STRIPPER,0,260,LTRS,0,,GENERAL HARDWARE\
GL00213,STAINLESS STEEL THERMAL FLUSK 2.5 LTRS,0,1910,PC,0,,GENERAL HARDWARE\
GL00214,STANDARD THINNER,0,180,LTRS,0,,GENERAL HARDWARE\
GL00215,STEEL ANGLE LINER,14,0,PC,0,,GENERAL HARDWARE\
GL00216,STEEL REINFORCENENT BAR R-6MM,0,120,PC,0,PY1,GENERAL HARDWARE\
GL00217,STEEL REINFORCENENT BAR R-12,0,0,PC,0,PY1,GENERAL HARDWARE\
GL00218,STEEL REINFORCEMENT BAR R-16,0,20.5,MTR,0,PY1,GENERAL HARDWARE\
GL00219,STEEL REINFORCEMENT BAR Y-12 TWISTED,0,1200,MTRS,0,PY1,GENERAL HARDWARE\
GL00220A,TWISTED REINFORCED BAR Y-12,5.5,500,PC,0,PY1,GENERAL HARDWARE\
GL00220B,STEEL TARIBO  5 FTS,0,1000,PC,0,,GENERAL HARDWARE\
GL00221,STREET CAPS,4,0,PC,0,D6,GENERAL HARDWARE\
GL00222,SUPA BRITE,0,110,DOZ,0,L5,GENERAL HARDWARE\
GL00223,STREET SLABS,9,0,PC,0,D6,GENERAL HARDWARE\
GL00224,SUPER GLUE,0,30,PC,0,DR12,GENERAL HARDWARE\
GL00225,TABLE TOWEL,0,20,PC,0,DR12,GENERAL HARDWARE\
GL00226,TABLE CLOTH MATERIAL,0,300,MTR,0,,GENERAL HARDWARE\
GL00227,TANK BOLTS CAPS PVC,485,0,PC,0,L2,GENERAL HARDWARE\
GL00228,TANK BOLTS BLACK,27,0,PC,0,L2,GENERAL HARDWARE\
GL00228,TANK BOLTS BLACK,1068,0,PC,0,L2,GENERAL HARDWARE\
GL00230,TANK BOLTS RED,214,0,PC,0,L2,GENERAL HARDWARE\
GL00231,TANK BOLTS WHITE,197,0,PC,0,L2,GENERAL HARDWARE\
GL00232,TANK BOLTS YELLOW,1196,0,PC,0,L2,GENERAL HARDWARE\
GL00233,TANK BOLTS WASHERS,2793,0,PC,0,L2,GENERAL HARDWARE\
GL00234,TANK NUTS,3620,0,PC,0,L2,GENERAL HARDWARE\
GL00235,TAPE MEASURE STSRLEY 50M /165",0,0,PC,0,DR9,GENERAL HARDWARE\
GL00236,TAPLIN TENT 5`` X 4``,3,1200,PC,0,B4,GENERAL HARDWARE\
GL00237,THERMAL GIANT FLSAK,0,0,PC,0,,GENERAL HARDWARE\
GL00238A,TIMBER 2X2,13.1,21.7,FT,0,C/STORE,GENERAL HARDWARE\
GL00238B,TIMBER 3 X3,0,0,FT,0,,GENERAL HARDWARE\
GL00239,TIMBER 4X2,217,36,FT,0,C/STORE,GENERAL HARDWARE\
GL00240,TIMBER 4X3,44,41,FT,0,C/STORE,GENERAL HARDWARE\
GL00241,TIMBER 4X4,63,45,FT,0,C/STORE,GENERAL HARDWARE\
GL00241A,TIMBER 6 X 1,0,30,FT,0,,GENERAL HARDWARE\
GL00242 B,TIMBER 6X2,143,60,FT,0,C/STORE,GENERAL HARDWARE\
GL00243,TIMBER 7X4,3,70,FT,0,C/STORE,GENERAL HARDWARE\
GL0244,TIMBER 8 X 1,49,65,FT,0,,GENERAL HARDWARE\
GL00245,TIMBER 8X4,3,70,FT,0,C/STORE,GENERAL HARDWARE\
GL00246,TIMBER 10X1,0,0,FT,0,C/STORE,GENERAL HARDWARE\
GL00247,TIMBER 12X1,0,0,FT,0,C/STORE,GENERAL HARDWARE\
GL00248,TISSUE PAPER,28,21.25,PC,0,W1,GENERAL HARDWARE\
GL00249,TORCH 3BATTERY,5,1500,PC,0,DR11,GENERAL HARDWARE\
GL00250,TOUGH BOND,0,130,PC,0,,GENERAL HARDWARE\
GL00251,TOWER BOLT 3,12,15,PC,0,DR20,GENERAL HARDWARE\
GL00252,TOWER BOLT 4,0,20,PC,0,DR20,GENERAL HARDWARE\
GL00253,TOWER BOLT NO.6,1,80,PC,0,DR20,GENERAL HARDWARE\
GL00254,TOILET CISTER LOW LEVEL/ HIGH LEVEL,0,1500,PC,0,W1,GENERAL HARDWARE\
GL00255,TURPENTINE,0,200,LTRS,0,BOX M,GENERAL HARDWARE\
GL00256,TOPEX BLEACHING DETERGENT,0,59,LTR,0,,GENERAL HARDWARE\
GL00257 A,UNIVERSAL UNDERCOAT WHITE,0,0,LTRS,0,D4,GENERAL HARDWARE\
GL00257B,WALL CLIP 1/2,0,10,PC,0,,GENERAL HARDWARE\
GL00258,WATER DISPENSER,0,15500,PC,0,,GENERAL HARDWARE\
GL00259,WATER PROOF CEMENT,0,50,KGS,0,C/STORE,GENERAL HARDWARE\
GL00260,WASHING HAND BRUSH,0,50,PC,0,L5,GENERAL HARDWARE\
GL00261,WHISTLE / LINE YARD,1,850,PC,0,L5,GENERAL HARDWARE\
GL00262,WHITE GELCOAT 13/86,1,464,PC,0,C/STORE,GENERAL HARDWARE\
GL00263,WHITE UNIFORM MATERIAL,0,0,MTRS,0,DR5,GENERAL HARDWARE\
GL00264,WHOOPING IRON STRIP,14,0,KGS,0,L3,GENERAL HARDWARE\
GL00265,WINDOW FRAME,2,0,PC,0,C/STORE,GENERAL HARDWARE\
GL00266,WHEEL BARROW,0,3400,PC,0,,GENERAL HARDWARE\
GL00267,WINDOW PANES LOUVER SIZE,6,60,PC,0,C6,GENERAL HARDWARE\
GL00268,WIRE  MESH  STEEL  BRC,0,650,PC,0,Y/STORE,GENERAL HARDWARE\
GL00269,WIRE NAILS 1 1/2,0,150,KG,0,E6,GENERAL HARDWARE\
GL00270,WIRE NAILS 2,0,150,KG,0,E6,GENERAL HARDWARE\
GL00271,WIRE NAILS 2 1/2,0,140,KG,0,E6,GENERAL HARDWARE\
GL00272,WIRE NAILS 3,0,130,KG,0,E6,GENERAL HARDWARE\
GL00273,WIRE NAILS 4,0,120,KG,0,,GENERAL HARDWARE\
GL00274A,WIRE NAILS 5,0,130,KG,0,,GENERAL HARDWARE\
GL00274B,WIRE NAIL 6,0,130,KG,0,,GENERAL HARDWARE\
GL00275,WIRE STRAINER  CHAIN,0,850,KG,0,E6,GENERAL HARDWARE\
GL00276,WOOD FILE,0,150,PC,0,,GENERAL HARDWARE\
GL00277,WOOD GLUE,0,50,LTR,0,,GENERAL HARDWARE\
GL00278,WOOD PRESERTIVE,0,120,LTR,0,,GENERAL HARDWARE\
GL00279,WOOD SCREW 3/4 FLAT HEAD,0,0.5,PC,0,,GENERAL HARDWARE\
GL00280,WOOD SCREW 1" 1/2 THREAD FLAT HEAD,0,1,PC,0,,GENERAL HARDWARE\
GL00281,WOOD SCREW 1 1/4 " 1/2 THREAD FLAT HEAD,2,1,PC,0,,GENERAL HARDWARE\
GL00282,WOOD SCREW 1 1/4 STAR HEAD,57,1,PC,11,,GENERAL HARDWARE\
GL00283,WOOD SCREWS 1 1/2,7,1.5,PC,0,DR18,GENERAL HARDWARE\
GL00284,WOOD SCREW 1/2`` STAR,140,5,PC,0,DR18,GENERAL HARDWARE\
GL00285,WOOD SCREW 2,0,5,PC,0,,GENERAL HARDWARE\
GL00286,WOODEN STORE CARD RACK,0,400,PC,0,WI,GENERAL HARDWARE\
GL00287,WOODEN TOOL BOX,0,2100,PC,0,W1,GENERAL HARDWARE\
GEN0001,AIR CLEANER-40KVA GENERATOR,2,4400,PC,0,,GENERATOR SPARES\
GEN0002,ALTENATOR,0,0,PC,0,,GENERATOR SPARES\
GEN0003,BALL BEARING - 6309RSR,2,550,PC,0,,GENERATOR SPARES\
GEN0004,BATTERY TERMINALS,0,50,PC,0,,GENERATOR SPARES\
GEN0005,BALL BEARING - 6306 Z 30KVA GENERATOR,1,550,PC,0,,GENERATOR SPARES\
GEN0006,BOTTOM OVEHAUL KIT - 40KVA U5LB 1159,0,6170,SET,0,,GENERATOR SPARES\
GEN0007,BRIDGE RECTIFIER RS 264-901,1,0,PC,0,,GENERATOR SPARES\
GEN0008A,CHANGE OVER SWITCH 32A,0,0,PC,0,,GENERATOR SPARES\
GEN0008B,CIRCUIT BREAKER 80A,1,0,PC,0,,GENERATOR SPARES\
GEN0008C,CIRCUIT BREAKER 100A,0,3200,PC,0,,GENERATOR SPARES\
GEN0009,DIODES-30KVA RECTIFIER,2,1183,PC,0,,GENERATOR SPARES\
GEN0010,DIODES RECTIFIER 30KVA,12,50,PC,0,,GENERATOR SPARES\
GEN0011,EXHAUST PIPE 2``,1,5000,PC,0,,GENERATOR SPARES\
GEN0012,FAN BELT -40KVA 2641B552,2,2204,PC,0,,GENERATOR SPARES\
GEN0013,FAN BELT 751-1782-000-30KVA GENERATOR,2,0,PC,0,,GENERATOR SPARES\
GEN0014,FRONT OIL SEAL 40KVA,0,1741,PC,0,,GENERATOR SPARES\
GEN0015,FUEL FILTER 30KVA GENERATOR,2,507,PC,0,,GENERATOR SPARES\
GEN0016,FUEL FILTER 40KVA GENERATOR,1,348,PC,0,,GENERATOR SPARES\
GEN0017,FUEL HOSE PIPE 3/16,1.8,900,MTR,0,,GENERATOR SPARES\
GEN0018,FUEL LIFT PUMP 30KVA GENERATOR,1,0,PC,0,,GENERATOR SPARES\
GEN0019,GENERATOR INDICATOR BULB 12VOLTS,6,42.9,PC,0,,GENERATOR SPARES\
GEN0020,JOINT ROUND GENT GENERATOR,0,247,PC,0,,GENERATOR SPARES\
GEN0021,MAIN CIRCUIT BREAKER 30KVA 60A,0,3500,PC,0,,GENERATOR SPARES\
GEN0022,MAIN CIRCUIT BREAKERA -40KVA GENERATOR,1,0,PC,0,,GENERATOR SPARES\
GEN0023,OIL FILTER 30KVA GENERATOR,2,571,PC,0,,GENERATOR SPARES\
GEN0024,OIL FILTER 40KVA GENERATOR,3,1800,PC,0,,GENERATOR SPARES\
GEN0025,OIL SEAL 40KVA 992-909,1,986,PC,0,,GENERATOR SPARES\
GEN0026,RADIATOR,0,36000,PC,0,,GENERATOR SPARES\
GEN0027A,RADIATOR COOLANT,0,200,CAN,0,,GENERATOR SPARES\
GEN0027B,RADIATOR SEAL LEAK,1,120,PC,0,,GENERATOR SPARES\
GEN0028,REAR SEAL 40KVA,1,2038,PC,0,,GENERATOR SPARES\
GEN0029,REGULATOR 28710252,1,7714,PC,0,,GENERATOR SPARES\
GEN0030,SOLENOID,1,5510,PC,0,,GENERATOR SPARES\
GEN0031,TOP OVERHAUL KIT 40KVA 8U15LT-1004-1,0,11572,SET,0,,GENERATOR SPARES\
GEN0032,ALLAN KEY SCREWS 30KVA GENERATOR,4,60,PC,0,,GENERATOR SPARES\
CP001,AMMETER NH-64357,2,2500,PC,0,,CONTROL PANEL SPARES\
CP002,AUTOMATIC VOLTAGE REGULATOR AVR,1,47386,PC,0,F6,CONTROL PANEL SPARES\
CP003,AUX BLOCK INO+FRONT MOUNTINGTELAND11,0,841.46,PC,0,,CONTROL PANEL SPARES\
CP004,AUX CONT.NO+FRONT MOUNTING GV2TEGVAE11,2,1003.28,PC,0,,CONTROL PANEL SPARES\
CP005,AUXILIARY CONTACT CA5-10,1,0,PC,0,,CONTROL PANEL SPARES\
CP006,AUXILIARY CONTACT CA7-10,2,3000,PC,0,,CONTROL PANEL SPARES\
CP007,BOTTLE NECK FUSE 6AMPS,10,0,PC,0,,CONTROL PANEL SPARES\
CP008,BOTTLE NECK FUSE HOLDER NC02,10,0,PC,0,,CONTROL PANEL SPARES\
CP009,BOTTLE NECK FUSE NEDZED24,6,0,PC,0,,CONTROL PANEL SPARES\
CP010,CABLE LUG,0,50,PC,0,,CONTROL PANEL SPARES\
CP011,CABLE CLIPS,10,50,PC,0,,CONTROL PANEL SPARES\
CP012,CABLE GLAND 32MM,0,450,PC,0,,CONTROL PANEL SPARES\
CP013,CABLE TIES 98X2.5X0.95MM,30,10,PC,0,,CONTROL PANEL SPARES\
CP014,CIRCUIT BRAKER C45W-10A 240/415V,3,0,PC,0,,CONTROL PANEL SPARES\
CP015 A,CONTRACTOR 220-230V 50H2 230_240V 60H2,1,4000,PC,0,,CONTROL PANEL SPARES\
CP015 B,CONTRACTOR 9A AC3 NO+ NC 240V AC TE-LC1D09P7,7,2959.74,PC,0,,CONTROL PANEL SPARES\
CP016,CONTROL RELAY CAD 3297,2,4181.22,PC,0,,CONTROL PANEL SPARES\
CP0017,CONTROL RELAY CAD 5097,3,3203.75,PC,0,,CONTROL PANEL SPARES\
CP0018,EXTESION SWITCH,3,0,PC,0,,CONTROL PANEL SPARES\
CP0019,FAILURE RELAY,1,10445.8,PC,0,,CONTROL PANEL SPARES\
CP0020,FINDER RELAY 230 AC/16A,6,0,PC,0,,CONTROL PANEL SPARES\
CP0021,FUSSES 250V VOLT,5,0,PC,0,,CONTROL PANEL SPARES\
CP0022,FUSE HOLDER 55X 8215001,1,0,PC,0,,CONTROL PANEL SPARES\
CP0023,INDICATOR BULB 24V,1,0,PC,0,,CONTROL PANEL SPARES\
CP0024,ILLUMINATED PUSH BUTTONS -GREEN,1,1340,PC,0,,CONTROL PANEL SPARES\
CP0025,INSULATING PAPER COMPOSITE FOIL,1,0,PC,0,,CONTROL PANEL SPARES\
CP0026,LEVEL CONTROL RELAY 4.1.220-240V 50HZ/60H2,2,0,PC,0,,CONTROL PANEL SPARES\
CP0027,MOTOR CIRCUIT BREAKER 13-18A,0,4917,PC,0,,CONTROL PANEL SPARES\
CP0028,MOTOR REWINDING PAPER,0.5,240,MTR,0,,CONTROL PANEL SPARES\
CP0029,ON DELAY TIMER 2.43 PIPE 10.02,0,0,PC,0,,CONTROL PANEL SPARES\
CP0030,ON SINGLE PILS TIMER 2.4 PIPE 133  2,0,0,PC,0,,CONTROL PANEL SPARES\
CP0031,OVELOAD ADAPTER LAD 7B/06,1,704.7,PC,0,,CONTROL PANEL SPARES\
CP0032A,OVELAND RELAY 9--13A 12-18A,0,4000,PC,0,,CONTROL PANEL SPARES\
CP0032B,3PHASE +NEUTRAL OVE/VOLTAGE RELAY CZ-H345N,1,11979.9,PC,0,,CONTROL PANEL SPARES\
CP0033,RELAY K6-40E/K6-312,0,0,PC,0,,CONTROL PANEL SPARES\
CP0034,SENSOR CABLE,1,0,PC,0,,CONTROL PANEL SPARES\
CP0035,SIDE MOUNT AUX TE GVAN II,1,0,PC,0,,CONTROL PANEL SPARES\
CP0036,STAR DELTA TIMER ABB TE5S,3,2982.88,PC,0,,CONTROL PANEL SPARES\
CP0037,STARTOR SWITCH -TYPE FANAL,4,0,PC,0,,CONTROL PANEL SPARES\
CP0038,SWITCH ACCESSORIES,3,0,PC,0,,CONTROL PANEL SPARES\
CP0039,SWITCH BOARD BULBS 13V 20A,8,0,PC,0,,CONTROL PANEL SPARES\
CP0040,SWITCH BOARD-INDICATOR BULB COVERS,8,0,PC,0,,CONTROL PANEL SPARES\
CP0041,SWITCH HANDLES ASSORTED,8,0,PC,0,,CONTROL PANEL SPARES\
CP0042,TERMINALS B600-D300 CONNECTOR,16,0,PC,0,,CONTROL PANEL SPARES\
CP0043,TIMER CZ -6230,4,5446.2,PC,0,,CONTROL PANEL SPARES\
CP0044,VOLTMETER,1,2500,PC,0,,CONTROL PANEL SPARES\
CP0045,WARNING HORN,1,0,PC,0,,CONTROL PANEL SPARES\
CP0046,WARNING YELLOW BAND,0,0,PC,0,,CONTROL PANEL SPARES\
ELE001,BATTERY N100 - EXIDE CHLORIDE,0,8100,PC,0,,ELECTRICAL \
ELE002,BULB - 60WATTS,0,50,PC,0,,ELECTRICAL \
ELE003,BULB BALL FITTING,4,350,PC,0,,ELECTRICAL \
ELE004,BULB HOLDER,5,60,PC,0,,ELECTRICAL \
ELE005,BULB HEAD FITTING,4,950,PC,0,,ELECTRICAL \
ELE006A,CIRCUIT BREAKER CRAB TRCE,1,200,PC,0,,ELECTRICAL \
ELE006B,CEILING ROSE BULB HOLDER,0,60,PC,0,,ELECTRICAL \
ELE007,CHOKE FOUR FEET HOLDER,4,200,PC,0,,ELECTRICAL \
ELE008,CONDUITS P.V.C PIPES 1/2``,0,60,PC,0,,ELECTRICAL \
ELE009A,CONNECTOR BOX 2 WAY\,1WAY\,4WAY,1,25,PC,0,,ELECTRICAL \
ELE009B,CABLE JOINING COMPOUND,2,1750,PC,0,,ELECTRICAL \
ELE010,DOUBLE SOCKET OUTLET,0,400,PC,0,,ELECTRICAL \
ELE011,EARTH ELECTRODES,6,300,PC,0,,ELECTRICAL \
ELE012,EARTH CABLE GREEN-Yellow,397,70,mtr,0,,ELECTRICAL \
ELE013,ELECTRICAL CABLE 1.5MM,10.5,66.66,MTR,0,,ELECTRICAL \
ELE0014,ELECTRICAL CABLE 2.5MM,0,12,MTR,0,,ELECTRICAL \
ELE0015,ELECTRIC CABLE 2.5MTR 2.5MM,0,90,MTR,0,,ELECTRICAL \
ELE0016,ELECTRIC CABLE BLACK 2.2559MM,57,57,MTR,0,,ELECTRICAL \
ELE0017,ELECTRIC CABLE 3.0SGM,17.8,36,MTR,0,,ELECTRICAL \
ELE0018,ELECTRICAL CLIPS,0,200,BOX,0,,ELECTRICAL \
ELE0019,ENERGY SAVER BULB 14W,1,350,PC,0,,ELECTRICAL \
ELE0020,FLEX BLACK ELECTRIC CABLE 4MM,19.2,115,MTR,0,,ELECTRICAL \
ELE0021,FLOURESCENT LAMP STARTER,7,50,PC,0,,ELECTRICAL \
ELE0022,FLOURESCENT FITTING 4FT PHILIPS,1,1000,PC,0,,ELECTRICAL \
ELE0023,FLOURESCENT TUBE 36W/54.765,0,150,PC,0,,ELECTRICAL \
ELE0024,FOUR WAY FUSED SOCKET,1,550,PC,0,,ELECTRICAL \
ELE0025,INSULATING TAPE BLACK PVC,0,30,PC,0,,ELECTRICAL \
ELE0026,JUNCTION BOX PVC,4,45,PC,0,,ELECTRICAL \
ELE0027,MAIN SWITCH 250V 30A,1,300,PC,0,,ELECTRICAL \
ELE0028,METALIC SWITCH BOX,1,75,PC,0,,ELECTRICAL \
ELE0029,PATRICE BOX SINGLE,4,25,PC,0,,ELECTRICAL \
ELE0030,PATRICE BOX DOUBLE,0,0,PC,0,,ELECTRICAL \
ELE0031,ROUND BOX COVER PVC,4,10,PC,0,,ELECTRICAL \
ELE0032,PVC CONDUIT SADDLES,0,15,PC,0,,ELECTRICAL \
ELE0033,PVC SQUIRE BOX COVERS,0,25,PC,0,,ELECTRICAL \
ELE0034,SINGLE GANG WAY SWITCH,1,75,PC,0,,ELECTRICAL \
ELE0035,SOCKET BOX SCREW,0,5,PC,0,,ELECTRICAL \
ELE0036,SOCKET OUTLET 13A,0,200,PC,0,,ELECTRICAL \
ELE0037,SOCKET OUTLET 15A,1,250,PC,0,,ELECTRICAL \
ELE0038,SPOTLIGHT BULB,4,1080,PC,0,,ELECTRICAL \
ELE0039,SPOTLIGHT FITTING,2,550,PC,0,,ELECTRICAL \
ELE0040,TOWER CLIPS,0,150,BOX,0,,ELECTRICAL \
ELE0041,TWO GANG WAY SWITCH,1,150,PC,0,,ELECTRICAL \
ELE0042,THREE GANG SWITCH,1,400,PC,0,,ELECTRICAL \
UT 0001,BOWL EVOL WHITE,4,185,PC,0,,UTENSILS\
UT0002,BOWL FLOWER SALAD,4,130,PC,0,,UTENSILS\
UT0003,BOWL FLOWER SOUP,4,130,PC,0,,UTENSILS\
UT 0004,DINNING PLATES WHITE,35,155,PC,0,,UTENSILS\
UT 0005,WATER GLASS JUG /SIX GLASS,2,1150,SET,0,,UTENSILS\
UT 0006,SERVING TRAY,2,220,PC,0,,UTENSILS\
UT 0007,SOAP DISPENSER,1,325,PC,0,,UTENSILS\
UT 0008,SUGAR DISH,5,50,PC,0,,UTENSILS\
UT 0009,STEEL SPOON,48,35,PC,0,,UTENSILS\
UT 0010,TEA SPOON,12,8.33,PC,0,,UTENSILS\
UT 0011,TEA MUGS,24,424.75,PC,0,,UTENSILS\
SFTY001,BARRIER TAPE PELICAN 75MMX100M,1,425,ROLL,0,,SAFETY GEARS/TOOLS\
SFTY002,LIFE SAVER TRIANGLE METAL,1,700,PC,0,,SAFETY GEARS/TOOLS\
SFTY003,TRAFFIC CONE B/SIZE/S/SIZE AT 2900AND 1950,2,0,PC,0,,SAFETY GEARS/TOOLS
FL0011,DISELX,0,1000,LITRES,100,DISELTANK,FUEL AND OIL\
